id,schedule_time,subject,organization,location,instructor_id,created_by,created_at,class_id,class_name,instructor_name,cohort
000b9954-1b0b-4c4b-ba51-deca2d113817,2026-11-30,혁신적 사고 워크숍,CLIPS,,,5d08e905-02c7-4144-893a-c97c71606e52,2026-09-30 03:27:01.59001+00,b2566702-6b24-42b0-b76b-3fcba9a7954b,부산 AX,박유진,2
005ef3f2-b388-4ff5-8f61-57a24fa98bac,2026-11-16,유형별 관계전략,CLIPS,,,5d08e905-02c7-4144-893a-c97c71606e52,2026-09-30 03:27:01.59001+00,98897e91-13e0-411c-8845-ad0e7a6ff7de,부산 DM,남미진,2
006ad9bb-034c-4ce6-bcbd-8bf74453d9c5,2026-09-14,취업문서·면접 및 커리어 로드맵 완성,CLIPS,,,5d08e905-02c7-4144-893a-c97c71606e52,2026-09-30 03:21:55.204748+00,cbdb02af-8b53-4483-8487-1f8e27199150,대구 DM,김경아,1
00a97859-b89b-4d66-abc1-8df12252fda7,2027-01-06,마케팅 캡스톤 Phase 2: 프로토타입·KPI,LAB4DX,,,5d08e905-02c7-4144-893a-c97c71606e52,2026-09-30 03:27:01.59001+00,57cffe17-5311-4d1e-b1e7-fc4098f9bd3b,대전 DM,,2
011e5bb8-b772-46ca-b3d8-632b2803f3a7,2026-11-12,LG 코칭 리더십,LGE,,,5d08e905-02c7-4144-893a-c97c71606e52,2026-09-30 03:27:01.59001+00,e7a15ddb-abee-4107-b52f-5719066cc4dc,대구 AX,,2
0213ad64-307e-49af-b816-95267cc0bed2,2027-01-01,신정,,,,5d08e905-02c7-4144-893a-c97c71606e52,2026-09-30 03:27:01.59001+00,51578d60-88f8-44a3-916a-940934f35a81,부산 SF,,2
027f68ae-fe13-4d17-bff8-f38a622c0199,2026-11-09,유형별 관계전략,CLIPS,,,5d08e905-02c7-4144-893a-c97c71606e52,2026-09-30 03:27:01.59001+00,f78b54cb-e709-47e0-bee7-50bc3bddce98,대구 SF,남미진,2
03293ce5-2bd3-4c97-815a-efc957ff7b69,2026-12-18,업무 AX 혁신 기회 탐색·과제 정의,LAB4DX,,,5d08e905-02c7-4144-893a-c97c71606e52,2026-09-30 03:27:01.59001+00,e7a15ddb-abee-4107-b52f-5719066cc4dc,대구 AX,,2
036fe5b1-bdce-4adb-8930-a57e2411c94f,2026-11-27,AI 해커톤 실전,LAB4DX,,,5d08e905-02c7-4144-893a-c97c71606e52,2026-09-30 03:27:01.59001+00,98897e91-13e0-411c-8845-ad0e7a6ff7de,부산 DM,조현아,2
03984ec5-9a10-43b6-aa9f-231f87aadcfd,2026-10-22,마케팅 캡스톤 Phase 1: 과제 확정·킥오프,LAB4DX,,,5d08e905-02c7-4144-893a-c97c71606e52,2026-09-30 03:21:55.204748+00,edf8f06d-393d-4a19-947a-f867a6e88f56,부산 DM,박윤하,1
03f39e7f-bc01-41a3-a721-d024d8cb05a1,2026-12-02,실전 경영 시뮬레이션(캡스톤),aSSIST,,,5d08e905-02c7-4144-893a-c97c71606e52,2026-09-30 03:27:01.59001+00,b2566702-6b24-42b0-b76b-3fcba9a7954b,부산 AX,신호상,2
0473ea86-b129-4c29-bad5-48a11ea395d8,2026-12-30,AX 캡스톤 Phase 1: 과제 확정·킥오프,LAB4DX,,,5d08e905-02c7-4144-893a-c97c71606e52,2026-09-30 03:27:01.59001+00,73e4600c-7386-4f2d-9d16-99a17fc4908d,대전 AX,서예람,2
04b833ba-da79-4a82-9211-c20d305c9355,2026-11-13,커리어 그룹 코칭,LGE,,,5d08e905-02c7-4144-893a-c97c71606e52,2026-09-30 03:27:01.59001+00,73e4600c-7386-4f2d-9d16-99a17fc4908d,대전 AX,,2
04ca9f21-3e72-4c3d-a419-80413ce5d51f,2026-10-19,업무 AX 혁신 기회 탐색·과제 정의,LAB4DX,,,5d08e905-02c7-4144-893a-c97c71606e52,2026-09-30 03:21:55.204748+00,9c560e52-16d5-4d66-aa9c-3547721123dc,부산 AX1,손창범,1
04cdcc83-9182-4b84-a942-c8b47753bb57,2026-10-28,AX 캡스톤 Phase 2: 과제 확정·킥오프,LAB4DX,,,5d08e905-02c7-4144-893a-c97c71606e52,2026-09-30 03:21:55.204748+00,9c560e52-16d5-4d66-aa9c-3547721123dc,부산 AX1,김기범,1
04fb51f9-284f-4908-8590-c31de2538466,2026-10-13,업무 데이터 파악 및 문제 정의,LAB4DX,,,5d08e905-02c7-4144-893a-c97c71606e52,2026-09-30 03:21:55.204748+00,036b2b7b-4f9d-440a-b9c6-827ec2fa66a5,부산 AX2,박수현,1
052c782f-9479-487b-a85d-7c1ff90fa72d,2026-09-29,전자 산업 대전환,aSSIST,,,5d08e905-02c7-4144-893a-c97c71606e52,2026-09-30 03:21:55.204748+00,9c560e52-16d5-4d66-aa9c-3547721123dc,부산 AX1,이재환,1
0545bcfd-5cbd-4c9b-905b-0f0babff3ec6,2026-11-17,비즈 커뮤니케이션,CLIPS,,,5d08e905-02c7-4144-893a-c97c71606e52,2026-09-30 03:27:01.59001+00,b2566702-6b24-42b0-b76b-3fcba9a7954b,부산 AX,이진아,2
055e20c9-2a26-41ef-87db-a9abd7200834,2026-11-11,조직 협업 원리,CLIPS,,,5d08e905-02c7-4144-893a-c97c71606e52,2026-09-30 03:27:01.59001+00,e7a15ddb-abee-4107-b52f-5719066cc4dc,대구 AX,강경옥,2
056e086f-2272-4584-9cb5-bb7c2c75203c,2026-11-02,AX 캡스톤 Phase 3: 최종 완성·발표,LAB4DX,,,5d08e905-02c7-4144-893a-c97c71606e52,2026-09-30 03:21:55.204748+00,1c540de2-1320-43dc-b795-468f78eb4f1a,대구 AX,,1
05a9992f-a60a-4cf5-bae0-2913995fb92b,2027-01-13,AX 캡스톤 Phase 3: 최종 완성·발표,LAB4DX,,,5d08e905-02c7-4144-893a-c97c71606e52,2026-09-30 03:27:01.59001+00,e7a15ddb-abee-4107-b52f-5719066cc4dc,대구 AX,,2
062e5f7f-89ff-4197-8b72-801e58f64373,2026-12-31,연말 휴강,,,,5d08e905-02c7-4144-893a-c97c71606e52,2026-09-30 03:27:01.59001+00,98897e91-13e0-411c-8845-ad0e7a6ff7de,부산 DM,,2
06735313-7e56-43f9-bc3d-31571aec1989,2026-11-06,커리어 브랜딩 워크숍,LGE,,,cb543b2e-ec13-4c0c-9322-1c01f363a7dd,2026-09-30 04:52:15.605155+00,73e4600c-7386-4f2d-9d16-99a17fc4908d,대전 AX,신서희,2
06967a6f-d32e-4799-b96e-4d689a41ec95,2026-11-19,AI Working Skill 응용,LAB4DX,,,5d08e905-02c7-4144-893a-c97c71606e52,2026-09-30 03:27:01.59001+00,f78b54cb-e709-47e0-bee7-50bc3bddce98,대구 SF,이정환,2
069f4cbb-0d02-4aac-963e-9acc660c2a2e,2026-10-28,AX 캡스톤 Phase 2: 프로토타입·KPI,LAB4DX,,,5d08e905-02c7-4144-893a-c97c71606e52,2026-09-30 03:21:55.204748+00,1c540de2-1320-43dc-b795-468f78eb4f1a,대구 AX,,1
071ed393-f0e0-4e31-aa8e-78a285295e58,2026-12-03,직무·산업 이해,aSSIST,,,5d08e905-02c7-4144-893a-c97c71606e52,2026-09-30 03:27:01.59001+00,b2566702-6b24-42b0-b76b-3fcba9a7954b,부산 AX,김재은,2
07219ce6-c894-4941-99b4-f57202847998,2026-10-15,제조 캡스톤 Phase 1: 과제 확정·킥오프,aSSIST,,,5d08e905-02c7-4144-893a-c97c71606e52,2026-09-30 03:21:55.204748+00,b8fde554-6775-44ef-bc2a-74ff079e0ba2,대전 SF,김명수,1
0756c8ee-3d5d-4d1f-875e-794dede59f72,2027-01-11,제조 캡스톤 Phase 2: 프로토타입·KPI,LAB4DX,,,5d08e905-02c7-4144-893a-c97c71606e52,2026-09-30 03:27:01.59001+00,f78b54cb-e709-47e0-bee7-50bc3bddce98,대구 SF,,2
07aa809f-c546-4156-aeef-a4d843976d50,2026-10-14,AI 기반 업무 표준화,aSSIST,,,5d08e905-02c7-4144-893a-c97c71606e52,2026-09-30 03:21:55.204748+00,b8fde554-6775-44ef-bc2a-74ff079e0ba2,대전 SF,김성민,1
07aef81c-d416-417a-9d95-5b25be120865,2026-09-28,직무·산업 이해,aSSIST,,,5d08e905-02c7-4144-893a-c97c71606e52,2026-09-30 03:21:55.204748+00,edf8f06d-393d-4a19-947a-f867a6e88f56,부산 DM,김재은,1
0887b572-3640-4203-a8ec-8f49c3a2bee0,2026-12-03,전자 산업 대전환,aSSIST,,,5d08e905-02c7-4144-893a-c97c71606e52,2026-09-30 03:27:01.59001+00,98897e91-13e0-411c-8845-ad0e7a6ff7de,부산 DM,노태우,2
088e2b75-e27e-4ba3-aade-2ff32a6b8525,2026-12-14,업무 데이터 파악 및 문제 정의,LAB4DX,,,5d08e905-02c7-4144-893a-c97c71606e52,2026-09-30 03:27:01.59001+00,e7a15ddb-abee-4107-b52f-5719066cc4dc,대구 AX,,2
095070e2-2c8f-4a51-9693-fd7a3a2d0014,2026-11-23,혁신적 사고 워크숍,CLIPS,,,5d08e905-02c7-4144-893a-c97c71606e52,2026-09-30 03:27:01.59001+00,57cffe17-5311-4d1e-b1e7-fc4098f9bd3b,대전 DM,김상영,2
0977f6e1-8c99-4c8a-a258-29261ecb89b9,2026-10-12,물류 재고관리 기초,aSSIST,,,5d08e905-02c7-4144-893a-c97c71606e52,2026-09-30 03:21:55.204748+00,edd7fa6f-92dc-41a6-b9fd-e96ee63b894e,부산 SF,민순홍,1
097e7f8b-38e7-47ce-92b6-a30d7fcaff5a,2027-01-08,AX 캡스톤 Phase 2: 프로토타입·KPI,LAB4DX,,,5d08e905-02c7-4144-893a-c97c71606e52,2026-09-30 03:27:01.59001+00,73e4600c-7386-4f2d-9d16-99a17fc4908d,대전 AX,서예람,2
0a2b840b-b399-476d-815c-3d295a1ac379,2026-10-07,업무 데이터 파악 및 문제 정의,LAB4DX,,,5d08e905-02c7-4144-893a-c97c71606e52,2026-09-30 03:21:55.204748+00,1c540de2-1320-43dc-b795-468f78eb4f1a,대구 AX,김나영,1
0a5c686c-f648-47bb-a5cf-2765c363647d,2026-10-12,업무 데이터 파악 및 문제 정의,LAB4DX,,,5d08e905-02c7-4144-893a-c97c71606e52,2026-09-30 03:21:55.204748+00,036b2b7b-4f9d-440a-b9c6-827ec2fa66a5,부산 AX2,박수현,1
0adc94f6-fa5f-4f7c-9d66-8f6a1d3f841c,2026-12-09,사무 업무 프로세스 이해 및 AX 전환,LAB4DX,,,5d08e905-02c7-4144-893a-c97c71606e52,2026-09-30 03:27:01.59001+00,73e4600c-7386-4f2d-9d16-99a17fc4908d,대전 AX,서예람,2
0b0814d7-b469-4972-8618-3587314d1fd3,2026-12-08,Value Chain으로 보는 마케팅 직무,aSSIST,,,5d08e905-02c7-4144-893a-c97c71606e52,2026-09-30 03:27:01.59001+00,57cffe17-5311-4d1e-b1e7-fc4098f9bd3b,대전 DM,김지연,2
0b2a3a23-04a0-42a0-af51-537ab3d7fc1e,2026-12-10,사무 업무 프로세스 이해 및 AX 전환,LAB4DX,,,5d08e905-02c7-4144-893a-c97c71606e52,2026-09-30 03:27:01.59001+00,e7a15ddb-abee-4107-b52f-5719066cc4dc,대구 AX,,2
0d3abecd-7430-4cb3-bf1f-20986300ddc7,2027-01-04,AX 캡스톤 Phase 1: 과제 확정·킥오프,LAB4DX,,,5d08e905-02c7-4144-893a-c97c71606e52,2026-09-30 03:27:01.59001+00,b2566702-6b24-42b0-b76b-3fcba9a7954b,부산 AX,오성호,2
0d487cc3-f939-4f39-b130-930a2cf90b2c,2026-10-06,고객이해와 시장조사 기초,aSSIST,,,5d08e905-02c7-4144-893a-c97c71606e52,2026-09-30 03:21:55.204748+00,cbdb02af-8b53-4483-8487-1f8e27199150,대구 DM,하수경,1
0d686f69-524b-4bf5-a3bf-62f77287df3f,2026-10-20,업무 AX 혁신 기회 탐색·과제 정의,LAB4DX,,,5d08e905-02c7-4144-893a-c97c71606e52,2026-09-30 03:21:55.204748+00,9c560e52-16d5-4d66-aa9c-3547721123dc,부산 AX1,손창범,1
0d84d4cb-6435-487d-b258-5ef33fb7130d,2026-09-21,Agentic Work 기반 업무 분석 및 재설계,LAB4DX,,,5d08e905-02c7-4144-893a-c97c71606e52,2026-09-30 03:21:55.204748+00,68ab8f99-2a95-4f4d-9f1b-2ec08c5d80bf,대전 AX,김진웅,1
0dc90f9f-a020-4744-9e90-d5c1c19ff8b2,2026-12-21,물류·재고관리 기초,aSSIST,,,5d08e905-02c7-4144-893a-c97c71606e52,2026-09-30 03:27:01.59001+00,51578d60-88f8-44a3-916a-940934f35a81,부산 SF,민순홍,2
0de7f334-6b79-4d19-8b4c-6fa0bb056c57,2026-12-17,SEO·SNS·숏폼 콘텐츠,aSSIST,,,5d08e905-02c7-4144-893a-c97c71606e52,2026-09-30 03:27:01.59001+00,57cffe17-5311-4d1e-b1e7-fc4098f9bd3b,대전 DM,김윤경,2
0e3790b6-6852-412f-85ce-e6e579320507,2027-01-05,제조 캡스톤 Phase 2: 프로토타입·KPI,LAB4DX,,,5d08e905-02c7-4144-893a-c97c71606e52,2026-09-30 03:27:01.59001+00,f78b54cb-e709-47e0-bee7-50bc3bddce98,대구 SF,,2
0f3cc8dd-4a55-495e-a61d-136b82254f76,2027-01-12,AX 캡스톤 Phase 2: 프로토타입·KPI,LAB4DX,,,5d08e905-02c7-4144-893a-c97c71606e52,2026-09-30 03:27:01.59001+00,e7a15ddb-abee-4107-b52f-5719066cc4dc,대구 AX,,2
10aa502a-c5e4-42c6-8de4-951b0c15d390,2026-10-16,마케팅 캡스톤 Phase 1: 과제 확정·킥오프,LAB4DX,,,5d08e905-02c7-4144-893a-c97c71606e52,2026-09-30 03:21:55.204748+00,cbdb02af-8b53-4483-8487-1f8e27199150,대구 DM,,1
10c4ec41-14bc-4a57-a694-bbd8d95bedf8,2026-11-20,AI 해커톤 실전,LAB4DX,,,5d08e905-02c7-4144-893a-c97c71606e52,2026-09-30 03:27:01.59001+00,f78b54cb-e709-47e0-bee7-50bc3bddce98,대구 SF,이정환,2
10dc3a14-b8c6-4fb6-a29e-e6dd820cffd6,2026-10-16,업무 AX 혁신 기회 탐색·과제 정의,LAB4DX,,,5d08e905-02c7-4144-893a-c97c71606e52,2026-09-30 03:21:55.204748+00,036b2b7b-4f9d-440a-b9c6-827ec2fa66a5,부산 AX2,박수현,1
113acc7f-4888-4ae0-bb22-714aecacbe5c,2026-10-21,AX 캡스톤 Phase 1: 과제 확정·킥오프,LAB4DX,,,5d08e905-02c7-4144-893a-c97c71606e52,2026-09-30 03:21:55.204748+00,1c540de2-1320-43dc-b795-468f78eb4f1a,대구 AX,,1
117301de-39b7-477e-a9b7-d23728cedaa6,2026-10-14,AX 캡스톤 Phase 1: 과제 확정·킥오프,LAB4DX,,,5d08e905-02c7-4144-893a-c97c71606e52,2026-09-30 03:21:55.204748+00,68ab8f99-2a95-4f4d-9f1b-2ec08c5d80bf,대전 AX,김희원,1
11d76a7a-cbc1-4c65-b6d6-2c5817062140,2027-01-15,AX 캡스톤 Phase 3: 최종 완성·발표,LAB4DX,,,5d08e905-02c7-4144-893a-c97c71606e52,2026-09-30 03:27:01.59001+00,e7a15ddb-abee-4107-b52f-5719066cc4dc,대구 AX,,2
1222be0b-7642-40cf-9a26-fa2297d9fc4c,2026-12-15,고객이해와 시장조사 기초,aSSIST,,,5d08e905-02c7-4144-893a-c97c71606e52,2026-09-30 03:27:01.59001+00,57cffe17-5311-4d1e-b1e7-fc4098f9bd3b,대전 DM,하수경,2
123539da-fe57-447b-93cf-2484e9cb0b42,2026-12-03,실전 경영 시뮬레이션(캡스톤),aSSIST,,,5d08e905-02c7-4144-893a-c97c71606e52,2026-09-30 03:27:01.59001+00,51578d60-88f8-44a3-916a-940934f35a81,부산 SF,신호상,2
1273eccd-0767-4f05-9e3f-11af52b22738,2026-10-29,제조 캡스톤 Phase 2: 과제 확정·킥오프,LAB4DX,,,5d08e905-02c7-4144-893a-c97c71606e52,2026-09-30 03:21:55.204748+00,edd7fa6f-92dc-41a6-b9fd-e96ee63b894e,부산 SF,정준수,1
12a01eb7-1b0e-4fdf-9b38-6e1b91e3f2f7,2026-10-02,API와 외부 데이터 연동,LAB4DX,,,5d08e905-02c7-4144-893a-c97c71606e52,2026-09-30 03:21:55.204748+00,68ab8f99-2a95-4f4d-9f1b-2ec08c5d80bf,대전 AX,김희원,1
12cf0f0f-b8cf-4292-82e0-662f78ceb228,2026-10-15,업무 AX 혁신 기회 탐색·과제 정의,LAB4DX,,,5d08e905-02c7-4144-893a-c97c71606e52,2026-09-30 03:21:55.204748+00,036b2b7b-4f9d-440a-b9c6-827ec2fa66a5,부산 AX2,박수현,1
12d6b07f-64e9-491a-b8f1-483d5ba7e17f,2026-12-18,데이터 기반 마케팅 기획 실습,aSSIST,,,5d08e905-02c7-4144-893a-c97c71606e52,2026-09-30 03:27:01.59001+00,98897e91-13e0-411c-8845-ad0e7a6ff7de,부산 DM,김윤경,2
134da9d4-e414-4688-8394-8710ad675b43,2027-01-04,AX 캡스톤 Phase 1: 과제 확정·킥오프,LAB4DX,,,5d08e905-02c7-4144-893a-c97c71606e52,2026-09-30 03:27:01.59001+00,e7a15ddb-abee-4107-b52f-5719066cc4dc,대구 AX,,2
15b7e2e2-6032-4a66-8c5e-790e57938401,2026-09-18,실전 경영 시뮬레이션(캡스톤),aSSIST,,,5d08e905-02c7-4144-893a-c97c71606e52,2026-09-30 03:21:55.204748+00,68ab8f99-2a95-4f4d-9f1b-2ec08c5d80bf,대전 AX,신효상,1
15e3a660-7784-40e2-a810-3b4f89a324c2,2026-12-28,업무 AX 혁신 기회 탐색·과제 정의,LAB4DX,,,5d08e905-02c7-4144-893a-c97c71606e52,2026-09-30 03:27:01.59001+00,b2566702-6b24-42b0-b76b-3fcba9a7954b,부산 AX,오성호,2
165a950b-960d-4e8a-afa5-ead14034663b,2026-12-16,마케팅 데이터 리터러시,aSSIST,,,5d08e905-02c7-4144-893a-c97c71606e52,2026-09-30 03:27:01.59001+00,57cffe17-5311-4d1e-b1e7-fc4098f9bd3b,대전 DM,박현정,2
178cdd34-1598-4be4-a06a-e70ae6b32d31,2027-01-19,AX 캡스톤 Phase 2: 프로토타입·KPI,LAB4DX,,,5d08e905-02c7-4144-893a-c97c71606e52,2026-09-30 03:27:01.59001+00,b2566702-6b24-42b0-b76b-3fcba9a7954b,부산 AX,오성호,2
18321523-0914-4604-9041-7b8391200202,2026-12-17,사무 업무 프로세스 이해 및 AX 전환,LAB4DX,,,5d08e905-02c7-4144-893a-c97c71606e52,2026-09-30 03:27:01.59001+00,b2566702-6b24-42b0-b76b-3fcba9a7954b,부산 AX,오성호,2
185786d4-6b0c-46f4-b6e5-6e04b3296be0,2026-10-08,마케팅 문제정의 기초,aSSIST,,,5d08e905-02c7-4144-893a-c97c71606e52,2026-09-30 03:21:55.204748+00,edf8f06d-393d-4a19-947a-f867a6e88f56,부산 DM,송태호,1
1881fd12-01e2-4361-81f4-39c8367408e0,2026-11-30,나를 찾아떠나는 여행2,LGE,,,5d08e905-02c7-4144-893a-c97c71606e52,2026-09-30 03:27:01.59001+00,57cffe17-5311-4d1e-b1e7-fc4098f9bd3b,대전 DM,,2
18b039c1-25f6-4667-9fa8-80923090ef93,2026-10-30,AX 캡스톤 Phase 2: 프로토타입·KPI,LAB4DX,,,5d08e905-02c7-4144-893a-c97c71606e52,2026-09-30 03:21:55.204748+00,1c540de2-1320-43dc-b795-468f78eb4f1a,대구 AX,,1
195c8da3-36d4-441b-9039-9fc88d8941c6,2026-11-19,AI Working Skill 응용,LAB4DX,,,5d08e905-02c7-4144-893a-c97c71606e52,2026-09-30 03:27:01.59001+00,73e4600c-7386-4f2d-9d16-99a17fc4908d,대전 AX,서예람,2
19632810-1dd3-4fd8-964d-d8dddc96a528,2026-11-09,캡스톤 Phase 3: 최종완성·발표,LAB4DX,,,5d08e905-02c7-4144-893a-c97c71606e52,2026-09-30 03:33:01.871798+00,edd7fa6f-92dc-41a6-b9fd-e96ee63b894e,부산 SF,정준수,1
19daa8b3-be0f-4dcc-ab27-5cea3255e745,2027-01-08,마케팅 캡스톤 Phase 1: 과제 확정·킥오프,LAB4DX,,,5d08e905-02c7-4144-893a-c97c71606e52,2026-09-30 03:27:01.59001+00,98897e91-13e0-411c-8845-ad0e7a6ff7de,부산 DM,,2
19f91563-309d-497c-8a02-a56b001766de,2026-10-02,사무 업무 프로세스 이해 및 AX 전환,LAB4DX,,,5d08e905-02c7-4144-893a-c97c71606e52,2026-09-30 03:21:55.204748+00,9c560e52-16d5-4d66-aa9c-3547721123dc,부산 AX1,이정환,1
1b1f1d9a-9b1b-4edb-ad23-e5014f57a698,2026-11-16,워크 스마트 스킬,CLIPS,,,5d08e905-02c7-4144-893a-c97c71606e52,2026-09-30 03:27:01.59001+00,e7a15ddb-abee-4107-b52f-5719066cc4dc,대구 AX,권효은,2
1b41bfe4-99ad-4ebf-9f76-ab6c5ee784fc,2026-11-05,AX 트랙 통합멘토링,LAB4DX,,,5d08e905-02c7-4144-893a-c97c71606e52,2026-09-30 03:21:55.204748+00,68ab8f99-2a95-4f4d-9f1b-2ec08c5d80bf,대전 AX,서예람,1
1baf6eb8-01eb-463a-8236-f6a2d769687d,2026-11-16,7-STEP 문제해결 프레임워크,CLIPS,,,5d08e905-02c7-4144-893a-c97c71606e52,2026-09-30 03:27:01.59001+00,f78b54cb-e709-47e0-bee7-50bc3bddce98,대구 SF,윤재호,2
1c2ace9c-c3ac-442f-ab18-bd606ea1256f,2026-09-30,실전 경영 시뮬레이션(캡스톤),aSSIST,,,5d08e905-02c7-4144-893a-c97c71606e52,2026-09-30 03:21:55.204748+00,9c560e52-16d5-4d66-aa9c-3547721123dc,부산 AX1,신호상,1
1c988b32-7555-4511-9139-613fd5e756a8,2026-11-30,나를 찾아떠나는 여행2,LGE,,,5d08e905-02c7-4144-893a-c97c71606e52,2026-09-30 03:27:01.59001+00,e7a15ddb-abee-4107-b52f-5719066cc4dc,대구 AX,,2
1cb913d7-a2a0-43bd-9fbf-5df32379950d,2026-11-11,트랙 최종 발표(통합멘토링),LAB4DX,,,5d08e905-02c7-4144-893a-c97c71606e52,2026-09-30 03:33:01.871798+00,9c560e52-16d5-4d66-aa9c-3547721123dc,부산 AX1,,1
1d1ada90-7e0d-4a63-bcb6-92ea93034ced,2027-01-18,AX 캡스톤 Phase 2: 프로토타입·KPI,LAB4DX,,,5d08e905-02c7-4144-893a-c97c71606e52,2026-09-30 03:27:01.59001+00,b2566702-6b24-42b0-b76b-3fcba9a7954b,부산 AX,오성호,2
1d505af4-f9cf-43e6-82a0-16c11a0159df,2026-11-20,AI 해커톤 실전,LAB4DX,,,5d08e905-02c7-4144-893a-c97c71606e52,2026-09-30 03:27:01.59001+00,57cffe17-5311-4d1e-b1e7-fc4098f9bd3b,대전 DM,,2
1d828bc7-ec53-4a87-9030-4008570e8434,2027-01-05,마케팅 캡스톤 Phase 1: 과제 확정·킥오프,LAB4DX,,,5d08e905-02c7-4144-893a-c97c71606e52,2026-09-30 03:27:01.59001+00,98897e91-13e0-411c-8845-ad0e7a6ff7de,부산 DM,,2
1da7f495-a2ea-4ce9-8509-db90f0f3376f,2026-09-18,제조현장/고객 접점·매장 운영 체험,LGE,,,5d08e905-02c7-4144-893a-c97c71606e52,2026-09-30 03:21:55.204748+00,036b2b7b-4f9d-440a-b9c6-827ec2fa66a5,부산 AX2,유지희,1
1e1228ed-8398-455b-8f0b-d2f4362d8957,2027-01-13,제조 캡스톤 Phase 3: 최종 완성·발표,LAB4DX,,,5d08e905-02c7-4144-893a-c97c71606e52,2026-09-30 03:27:01.59001+00,f78b54cb-e709-47e0-bee7-50bc3bddce98,대구 SF,,2
1e1230eb-d378-4e85-8c55-680659711f34,2026-11-18,생성형 AI 업무활용 기본,LAB4DX,,,5d08e905-02c7-4144-893a-c97c71606e52,2026-09-30 03:27:01.59001+00,f78b54cb-e709-47e0-bee7-50bc3bddce98,대구 SF,이정환,2
1e255d1a-ad31-4536-93bb-b9e36041e373,2026-10-01,업무 데이터 파악 및 문제 정의,LAB4DX,,,5d08e905-02c7-4144-893a-c97c71606e52,2026-09-30 03:21:55.204748+00,1c540de2-1320-43dc-b795-468f78eb4f1a,대구 AX,박수현,1
1e6dd67c-133f-4fe4-b317-f4621a62a998,2027-01-19,대전·대구 수료식,,,,5d08e905-02c7-4144-893a-c97c71606e52,2026-09-30 03:27:01.59001+00,73e4600c-7386-4f2d-9d16-99a17fc4908d,대전 AX,,2
1f1ddc0f-23f5-402f-ab46-528edb48fedb,2026-09-22,인바스켓 문제해결,CLIPS,,,5d08e905-02c7-4144-893a-c97c71606e52,2026-09-30 03:21:55.204748+00,edf8f06d-393d-4a19-947a-f867a6e88f56,부산 DM,김명식,1
1f2de0ea-33c8-4d9f-b333-25b92f011818,2026-12-29,Operation AI 활용,aSSIST,,,5d08e905-02c7-4144-893a-c97c71606e52,2026-09-30 03:27:01.59001+00,51578d60-88f8-44a3-916a-940934f35a81,부산 SF,신영철,2
1fc52fce-b17a-493c-9796-280c3833469e,2026-12-21,CRM과 고객 유지,aSSIST,,,5d08e905-02c7-4144-893a-c97c71606e52,2026-09-30 03:27:01.59001+00,57cffe17-5311-4d1e-b1e7-fc4098f9bd3b,대전 DM,김종혁,2
20954712-19e6-4fba-8210-7e45554002da,2026-11-27,실전 경영 시뮬레이션(캡스톤),aSSIST,,,5d08e905-02c7-4144-893a-c97c71606e52,2026-09-30 03:27:01.59001+00,57cffe17-5311-4d1e-b1e7-fc4098f9bd3b,대전 DM,도재헌,2
20eb45c1-bee5-4366-b20f-efafeb54c4d8,2027-01-12,마케팅 캡스톤 Phase 2: 프로토타입·KPI,LAB4DX,,,5d08e905-02c7-4144-893a-c97c71606e52,2026-09-30 03:27:01.59001+00,98897e91-13e0-411c-8845-ad0e7a6ff7de,부산 DM,,2
210716c1-cbd9-4da9-b274-fa5a1d1679a9,2026-12-01,면접 스킬업/포트폴리오,CLIPS,,,5d08e905-02c7-4144-893a-c97c71606e52,2026-09-30 03:27:01.59001+00,f78b54cb-e709-47e0-bee7-50bc3bddce98,대구 SF,신지혜,2
216e6d7a-ff38-4c1a-ab62-2676bc439a69,2026-10-06,Operation AI 활용,aSSIST,,,5d08e905-02c7-4144-893a-c97c71606e52,2026-09-30 03:21:55.204748+00,b8fde554-6775-44ef-bc2a-74ff079e0ba2,대전 SF,신영철,1
2189bc62-01b1-49cb-b873-6279d489362e,2026-11-25,직무·산업 이해,aSSIST,,,5d08e905-02c7-4144-893a-c97c71606e52,2026-09-30 03:27:01.59001+00,57cffe17-5311-4d1e-b1e7-fc4098f9bd3b,대전 DM,이재환,2
220deb0b-aa71-43ac-9697-0ec031362b42,2026-09-17,고객가치 체험 워크숍,LGE,,,5d08e905-02c7-4144-893a-c97c71606e52,2026-09-30 03:21:55.204748+00,9c560e52-16d5-4d66-aa9c-3547721123dc,부산 AX1,손수형,1
22bc26c3-ce25-4194-90a3-cfb986ce32d3,2026-12-23,제조 캡스톤 Phase 1: 과제 확정·킥오프,LAB4DX,,,5d08e905-02c7-4144-893a-c97c71606e52,2026-09-30 03:27:01.59001+00,f78b54cb-e709-47e0-bee7-50bc3bddce98,대구 SF,,2
232c6072-f656-49f6-a18b-649ec987a4e3,2026-10-23,제조 캡스톤 Phase 2: 프로토타입·KPI,aSSIST,,,5d08e905-02c7-4144-893a-c97c71606e52,2026-09-30 03:21:55.204748+00,b8fde554-6775-44ef-bc2a-74ff079e0ba2,대전 SF,김명수,1
23a40a58-c2b5-4f48-a5ba-de5d3f7513bc,2026-10-22,AX 캡스톤 Phase 1: 과제 확정·킥오프,LAB4DX,,,5d08e905-02c7-4144-893a-c97c71606e52,2026-09-30 03:21:55.204748+00,68ab8f99-2a95-4f4d-9f1b-2ec08c5d80bf,대전 AX,서예람,1
23ea629d-91a8-4c62-8252-8c14dda10092,2027-01-11,AX 캡스톤 Phase 1: 과제 확정·킥오프,LAB4DX,,,5d08e905-02c7-4144-893a-c97c71606e52,2026-09-30 03:27:01.59001+00,b2566702-6b24-42b0-b76b-3fcba9a7954b,부산 AX,오성호,2
244be8cc-124a-4c42-90c7-d0d1029a0561,2026-11-24,인바스켓 문제해결,CLIPS,,,5d08e905-02c7-4144-893a-c97c71606e52,2026-09-30 03:27:01.59001+00,f78b54cb-e709-47e0-bee7-50bc3bddce98,대구 SF,하주영,2
248abac2-cb9f-449b-8e71-5aa945b89189,2026-11-17,워크 스마트 스킬,CLIPS,,,5d08e905-02c7-4144-893a-c97c71606e52,2026-09-30 03:27:01.59001+00,f78b54cb-e709-47e0-bee7-50bc3bddce98,대구 SF,권효은,2
24ac0315-0f65-49f9-9396-9ce90fee41fc,2026-11-30,나를 찾아떠나는 여행2,LGE,,,5d08e905-02c7-4144-893a-c97c71606e52,2026-09-30 03:27:01.59001+00,73e4600c-7386-4f2d-9d16-99a17fc4908d,대전 AX,,2
25683808-ff6e-496c-92a7-c6fec94a29db,2026-09-30,사무 업무 프로세스 이해 및 AX 전환,LAB4DX,,,5d08e905-02c7-4144-893a-c97c71606e52,2026-09-30 03:21:55.204748+00,1c540de2-1320-43dc-b795-468f78eb4f1a,대구 AX,박수현,1
25b448f0-24bd-47b2-98cf-a42411fffa7b,2026-09-14,면접 스킬업/포트폴리오,CLIPS,,,5d08e905-02c7-4144-893a-c97c71606e52,2026-09-30 03:21:55.204748+00,68ab8f99-2a95-4f4d-9f1b-2ec08c5d80bf,대전 AX,백인선,1
25e9503a-bc28-4629-8202-ccab81315f99,2026-09-15,면접 스킬업/포트폴리오,CLIPS,,,5d08e905-02c7-4144-893a-c97c71606e52,2026-09-30 03:21:55.204748+00,036b2b7b-4f9d-440a-b9c6-827ec2fa66a5,부산 AX2,백인선,1
260c1dd2-8985-435c-9444-7dda1b4e1051,2026-12-29,콘텐츠 마케팅·브랜드,aSSIST,,,5d08e905-02c7-4144-893a-c97c71606e52,2026-09-30 03:27:01.59001+00,98897e91-13e0-411c-8845-ad0e7a6ff7de,부산 DM,김종혁,2
260e1c77-d89e-40dc-a2c6-8233bed4a9fd,2027-01-15,제조 캡스톤 Phase 2: 프로토타입·KPI,LAB4DX,,,5d08e905-02c7-4144-893a-c97c71606e52,2026-09-30 03:27:01.59001+00,51578d60-88f8-44a3-916a-940934f35a81,부산 SF,,2
2624c039-f614-482a-a160-52afdc08808b,2026-10-06,디지털 마케팅 세계 전망,aSSIST,,,5d08e905-02c7-4144-893a-c97c71606e52,2026-09-30 03:21:55.204748+00,edf8f06d-393d-4a19-947a-f867a6e88f56,부산 DM,송태호,1
2672942d-a0dc-4153-83e1-598b05567f8a,2027-01-11,마케팅 캡스톤 Phase 2: 프로토타입·KPI,LAB4DX,,,5d08e905-02c7-4144-893a-c97c71606e52,2026-09-30 03:27:01.59001+00,57cffe17-5311-4d1e-b1e7-fc4098f9bd3b,대전 DM,,2
26b59449-5e9f-4d3b-aa2d-a37810b7fd3d,2026-11-04,강점기반 셀프리더십,CLIPS,,,5d08e905-02c7-4144-893a-c97c71606e52,2026-09-30 03:27:01.59001+00,f78b54cb-e709-47e0-bee7-50bc3bddce98,대구 SF,박선민,2
272b0be1-aaa4-40a6-8ab7-bdf067e25759,2026-11-16,조직 협업 원리,CLIPS,,,5d08e905-02c7-4144-893a-c97c71606e52,2026-09-30 03:27:01.59001+00,b2566702-6b24-42b0-b76b-3fcba9a7954b,부산 AX,김보람,2
2751c60d-f437-48c2-bef1-c052aded94f4,2026-12-18,업무 AX 혁신 기회 탐색·과제 정의,LAB4DX,,,5d08e905-02c7-4144-893a-c97c71606e52,2026-09-30 03:27:01.59001+00,73e4600c-7386-4f2d-9d16-99a17fc4908d,대전 AX,서예람,2
277721e9-3d5f-48df-bd30-31c217ffbed6,2027-01-18,마케팅 트랙 통합멘토링,LAB4DX,,,5d08e905-02c7-4144-893a-c97c71606e52,2026-09-30 03:27:01.59001+00,57cffe17-5311-4d1e-b1e7-fc4098f9bd3b,대전 DM,,2
281964d0-2c08-4091-9251-3dc7ad71e8c0,2026-11-16,비즈 커뮤니케이션,CLIPS,,,5d08e905-02c7-4144-893a-c97c71606e52,2026-09-30 03:27:01.59001+00,51578d60-88f8-44a3-916a-940934f35a81,부산 SF,이진아,2
2878792d-bd73-4dd0-b160-318171a9654e,2026-09-18,제조현장/고객 접점·매장 운영 체험,LGE,,,5d08e905-02c7-4144-893a-c97c71606e52,2026-09-30 03:21:55.204748+00,edf8f06d-393d-4a19-947a-f867a6e88f56,부산 DM,전재만,1
28bc7884-2990-4fe1-a920-9ad4345cde95,2026-12-08,사무 업무 프로세스 이해 및 AX 전환,LAB4DX,,,5d08e905-02c7-4144-893a-c97c71606e52,2026-09-30 03:27:01.59001+00,e7a15ddb-abee-4107-b52f-5719066cc4dc,대구 AX,,2
293deea4-c946-4543-9028-ed2921e51fb8,2026-10-19,AX 캡스톤 Phase 1: 과제 확정·킥오프,LAB4DX,,,5d08e905-02c7-4144-893a-c97c71606e52,2026-09-30 03:21:55.204748+00,1c540de2-1320-43dc-b795-468f78eb4f1a,대구 AX,,1
2966a1bf-c5a4-4af3-abf3-4d31cda6690f,2026-09-17,직무·산업 이해,aSSIST,,,5d08e905-02c7-4144-893a-c97c71606e52,2026-09-30 03:21:55.204748+00,68ab8f99-2a95-4f4d-9f1b-2ec08c5d80bf,대전 AX,김재은,1
299de62b-a7f4-4bfe-8422-a59e455955a8,2027-01-20,제조 캡스톤 Phase 3: 최종 완성·발표,LAB4DX,,,5d08e905-02c7-4144-893a-c97c71606e52,2026-09-30 03:27:01.59001+00,51578d60-88f8-44a3-916a-940934f35a81,부산 SF,,2
299f75c8-2fda-4394-851e-01fa64897b21,2026-09-18,면접 스킬업/포트폴리오,CLIPS,,,5d08e905-02c7-4144-893a-c97c71606e52,2026-09-30 03:21:55.204748+00,b8fde554-6775-44ef-bc2a-74ff079e0ba2,대전 SF,김경아,1
29a8ff16-09b8-4f1e-a642-39c995b45937,2027-01-14,마케팅 캡스톤 Phase 2: 프로토타입·KPI,LAB4DX,,,5d08e905-02c7-4144-893a-c97c71606e52,2026-09-30 03:27:01.59001+00,98897e91-13e0-411c-8845-ad0e7a6ff7de,부산 DM,,2
2a2ee163-50c2-4422-93a1-2a3cfb1490c5,2026-11-18,조직 협업 원리,CLIPS,,,5d08e905-02c7-4144-893a-c97c71606e52,2026-09-30 03:27:01.59001+00,51578d60-88f8-44a3-916a-940934f35a81,부산 SF,김민경,2
2a59e5de-3544-4a46-9543-a794d82b0ee6,2026-10-02,업무 데이터 파악 및 문제 정의,LAB4DX,,,5d08e905-02c7-4144-893a-c97c71606e52,2026-09-30 03:21:55.204748+00,1c540de2-1320-43dc-b795-468f78eb4f1a,대구 AX,박수현,1
2a5c289a-d6a7-4b9c-b89e-7b47d717d1fb,2027-01-12,AX 캡스톤 Phase 2: 프로토타입·KPI,LAB4DX,,,5d08e905-02c7-4144-893a-c97c71606e52,2026-09-30 03:27:01.59001+00,73e4600c-7386-4f2d-9d16-99a17fc4908d,대전 AX,서예람,2
2a7eedc9-5958-441c-b620-491da821076c,2026-12-15,업무 데이터 파악 및 문제 정의,LAB4DX,,,5d08e905-02c7-4144-893a-c97c71606e52,2026-09-30 03:27:01.59001+00,e7a15ddb-abee-4107-b52f-5719066cc4dc,대구 AX,,2
2abd0f8d-9268-4a4a-929a-db693b49471f,2026-12-25,성탄절,,,,5d08e905-02c7-4144-893a-c97c71606e52,2026-09-30 03:27:01.59001+00,51578d60-88f8-44a3-916a-940934f35a81,부산 SF,,2
2b8105a4-2fa4-4ac4-965b-3a4d14924c59,2026-12-21,업무 AX 혁신 기회 탐색·과제 정의,LAB4DX,,,5d08e905-02c7-4144-893a-c97c71606e52,2026-09-30 03:27:01.59001+00,e7a15ddb-abee-4107-b52f-5719066cc4dc,대구 AX,,2
2baa1e05-7393-41d3-8bf7-268e088b0b55,2026-11-06,캡스톤 Phase 3: 최종완성·발표,LAB4DX,,,5d08e905-02c7-4144-893a-c97c71606e52,2026-09-30 03:33:01.871798+00,edf8f06d-393d-4a19-947a-f867a6e88f56,부산 DM,,1
2bcc4b94-51a1-41f5-aece-7704551f67e1,2027-01-04,제조 캡스톤 Phase 1: 과제 확정·킥오프,LAB4DX,,,5d08e905-02c7-4144-893a-c97c71606e52,2026-09-30 03:27:01.59001+00,f78b54cb-e709-47e0-bee7-50bc3bddce98,대구 SF,,2
2c3951b6-c0e3-428f-858a-c4140e8b3faf,2026-10-26,제조 캡스톤 Phase 2: 프로토타입·KPI,aSSIST,,,5d08e905-02c7-4144-893a-c97c71606e52,2026-09-30 03:21:55.204748+00,b8fde554-6775-44ef-bc2a-74ff079e0ba2,대전 SF,김명수,1
2ce10929-46aa-4cee-bebf-81c2fc199910,2026-11-02,연결의 시작,LGE,,,cb543b2e-ec13-4c0c-9322-1c01f363a7dd,2026-09-30 04:52:15.605155+00,e7a15ddb-abee-4107-b52f-5719066cc4dc,대구 AX,유홍은,2
2ce68cad-cb69-43b7-b670-7b489732bf22,2026-12-14,마케팅 문제정의 기초,aSSIST,,,5d08e905-02c7-4144-893a-c97c71606e52,2026-09-30 03:27:01.59001+00,57cffe17-5311-4d1e-b1e7-fc4098f9bd3b,대전 DM,박현정,2
2e495388-bd06-4f4c-b2f2-fdad0afb11de,2026-11-27,직무·산업 이해,aSSIST,,,5d08e905-02c7-4144-893a-c97c71606e52,2026-09-30 03:27:01.59001+00,f78b54cb-e709-47e0-bee7-50bc3bddce98,대구 SF,김재은,2
2e9dafa0-5f6b-4fd8-a411-d3d5c7f07510,2026-11-10,캡스톤 Phase 3: 최종완성·발표,LAB4DX,,,5d08e905-02c7-4144-893a-c97c71606e52,2026-09-30 03:21:55.204748+00,edd7fa6f-92dc-41a6-b9fd-e96ee63b894e,부산 SF,정준수,1
2eb26c7f-3814-4683-a4b3-9ed3df760d64,2026-12-15,사무 업무 프로세스 이해 및 AX 전환,LAB4DX,,,5d08e905-02c7-4144-893a-c97c71606e52,2026-09-30 03:27:01.59001+00,b2566702-6b24-42b0-b76b-3fcba9a7954b,부산 AX,오성호,2
2f86227b-81bc-41ad-bf3c-d44fb14e6efa,2026-09-30,제조 데이터 흐름,aSSIST,,,5d08e905-02c7-4144-893a-c97c71606e52,2026-09-30 03:21:55.204748+00,b8fde554-6775-44ef-bc2a-74ff079e0ba2,대전 SF,최정욱,1
2f8c3779-d6b8-43ff-b514-7745bfe54b74,2026-10-22,마케팅 캡스톤 Phase 1: 과제 확정·킥오프,LAB4DX,,,5d08e905-02c7-4144-893a-c97c71606e52,2026-09-30 03:21:55.204748+00,cbdb02af-8b53-4483-8487-1f8e27199150,대구 DM,,1
2faaaaa4-cbc8-43ae-8320-c61ab18b56a3,2026-12-24,업무 AX 혁신 기회 탐색·과제 정의,LAB4DX,,,5d08e905-02c7-4144-893a-c97c71606e52,2026-09-30 03:27:01.59001+00,b2566702-6b24-42b0-b76b-3fcba9a7954b,부산 AX,오성호,2
2ff2e0c0-63ab-4243-b4d2-8f79ac42ab30,2026-12-11,제조현장/고객 접점·매장 운영 체험,LGE,,,5d08e905-02c7-4144-893a-c97c71606e52,2026-09-30 03:27:01.59001+00,98897e91-13e0-411c-8845-ad0e7a6ff7de,부산 DM,,2
307d2431-b263-4771-9a26-c258375ac44d,2026-12-10,정보화 시스템·제조 데이터 흐름,aSSIST,,,5d08e905-02c7-4144-893a-c97c71606e52,2026-09-30 03:27:01.59001+00,f78b54cb-e709-47e0-bee7-50bc3bddce98,대구 SF,김화종,2
312e90fe-9da7-415f-b6f4-4b53224b0c45,2026-11-06,커리어 브랜딩 워크숍,LGE,,,cb543b2e-ec13-4c0c-9322-1c01f363a7dd,2026-09-30 04:52:15.605155+00,e7a15ddb-abee-4107-b52f-5719066cc4dc,대구 AX,천보영,2
317d9016-1811-41be-ad5a-bcaa4e3a1a3d,2026-09-15,면접 스킬업/포트폴리오,CLIPS,,,5d08e905-02c7-4144-893a-c97c71606e52,2026-09-30 03:21:55.204748+00,edf8f06d-393d-4a19-947a-f867a6e88f56,부산 DM,김경아,1
31856a79-6807-4dfe-a781-db713ccfc6f6,2026-09-29,직무·산업 이해,aSSIST,,,5d08e905-02c7-4144-893a-c97c71606e52,2026-09-30 03:21:55.204748+00,edd7fa6f-92dc-41a6-b9fd-e96ee63b894e,부산 SF,김재은,1
31a53539-f764-4c6b-810a-eebcb4a09282,2026-12-09,사무 업무 프로세스 이해 및 AX 전환,LAB4DX,,,5d08e905-02c7-4144-893a-c97c71606e52,2026-09-30 03:27:01.59001+00,e7a15ddb-abee-4107-b52f-5719066cc4dc,대구 AX,,2
3218a9c3-b19c-4751-a2e3-6ca01260d2d2,2026-12-04,실전 경영 시뮬레이션(캡스톤),aSSIST,,,5d08e905-02c7-4144-893a-c97c71606e52,2026-09-30 03:27:01.59001+00,98897e91-13e0-411c-8845-ad0e7a6ff7de,부산 DM,도재헌,2
322c25be-fdff-4e1d-b31e-f99c19ae6045,2026-11-02,연결의 시작,LGE,,,cb543b2e-ec13-4c0c-9322-1c01f363a7dd,2026-09-30 04:52:15.605155+00,57cffe17-5311-4d1e-b1e7-fc4098f9bd3b,대전 DM,유지희,2
33901e1d-57c6-4846-8369-f9af4d3b20bc,2026-11-10,유형별 관계전략,CLIPS,,,5d08e905-02c7-4144-893a-c97c71606e52,2026-09-30 03:27:01.59001+00,73e4600c-7386-4f2d-9d16-99a17fc4908d,대전 AX,김지영,2
34136278-1b65-4997-ab18-76eadb451281,2026-09-21,전자 산업 대전환,aSSIST,,,5d08e905-02c7-4144-893a-c97c71606e52,2026-09-30 03:21:55.204748+00,b8fde554-6775-44ef-bc2a-74ff079e0ba2,대전 SF,이재환,1
3444be9f-79d0-4c79-a16d-9ce3f8f7d536,2027-01-08,AX 캡스톤 Phase 1: 과제 확정·킥오프,LAB4DX,,,5d08e905-02c7-4144-893a-c97c71606e52,2026-09-30 03:27:01.59001+00,b2566702-6b24-42b0-b76b-3fcba9a7954b,부산 AX,오성호,2
34aacf84-e78d-4f3a-beee-21e1ac851171,2026-10-14,업무 데이터 파악 및 문제 정의,LAB4DX,,,5d08e905-02c7-4144-893a-c97c71606e52,2026-09-30 03:21:55.204748+00,036b2b7b-4f9d-440a-b9c6-827ec2fa66a5,부산 AX2,박수현,1
34b44f21-181d-4091-8049-2bcf9ccda57a,2026-10-01,실전 경영 시뮬레이션(캡스톤),aSSIST,,,5d08e905-02c7-4144-893a-c97c71606e52,2026-09-30 03:21:55.204748+00,edf8f06d-393d-4a19-947a-f867a6e88f56,부산 DM,신호상,1
34ce46d0-9e38-43e7-92d7-de064062466b,2026-12-10,고객가치 체험 워크숍,LGE,,,5d08e905-02c7-4144-893a-c97c71606e52,2026-09-30 03:27:01.59001+00,98897e91-13e0-411c-8845-ad0e7a6ff7de,부산 DM,,2
3577bd39-34e9-4873-a0de-9b88c8a555d4,2026-12-10,디지털 마케팅 직무탐색,aSSIST,,,5d08e905-02c7-4144-893a-c97c71606e52,2026-09-30 03:27:01.59001+00,57cffe17-5311-4d1e-b1e7-fc4098f9bd3b,대전 DM,서권석,2
35c3d0c5-2b8a-408b-bf5e-3e0210a48a0a,2026-12-28,지능화·설비/공정 모니터링,aSSIST,,,5d08e905-02c7-4144-893a-c97c71606e52,2026-09-30 03:27:01.59001+00,51578d60-88f8-44a3-916a-940934f35a81,부산 SF,정준수,2
35d23102-8df0-4397-9987-bc1b63982908,2026-09-28,물류·재고관리 기초,aSSIST,,,5d08e905-02c7-4144-893a-c97c71606e52,2026-09-30 03:21:55.204748+00,b8fde554-6775-44ef-bc2a-74ff079e0ba2,대전 SF,민순홍,1
3650c77d-4b36-403a-b89c-f0202679d224,2026-12-11,제조현장/고객 접점·매장 운영 체험,LGE,,,5d08e905-02c7-4144-893a-c97c71606e52,2026-09-30 03:27:01.59001+00,51578d60-88f8-44a3-916a-940934f35a81,부산 SF,,2
366f43d4-e112-4387-b80a-82abee0445f4,2027-01-07,AX 캡스톤 Phase 2: 프로토타입·KPI,LAB4DX,,,5d08e905-02c7-4144-893a-c97c71606e52,2026-09-30 03:27:01.59001+00,73e4600c-7386-4f2d-9d16-99a17fc4908d,대전 AX,서예람,2
36b31b81-d6ef-429f-ac3d-53a6c35d3995,2026-11-25,전자 산업 대전환,aSSIST,,,5d08e905-02c7-4144-893a-c97c71606e52,2026-09-30 03:27:01.59001+00,f78b54cb-e709-47e0-bee7-50bc3bddce98,대구 SF,노태우,2
370dd2df-4a2f-466c-9ab6-08e2e33f643c,2026-11-16,워크 스마트 스킬,CLIPS,,,5d08e905-02c7-4144-893a-c97c71606e52,2026-09-30 03:27:01.59001+00,73e4600c-7386-4f2d-9d16-99a17fc4908d,대전 AX,김남희,2
378f016d-1dbb-4cee-821c-c4c9c5f868b8,2026-11-03,제조 캡스톤 Phase 3: 최종 완성·발표,aSSIST,,,5d08e905-02c7-4144-893a-c97c71606e52,2026-09-30 03:21:55.204748+00,b8fde554-6775-44ef-bc2a-74ff079e0ba2,대전 SF,김명수,1
37da12ae-6651-4f22-8754-00ce8d9bfe8b,2026-11-12,나를 찾아떠나는 여행,LGE,,,5d08e905-02c7-4144-893a-c97c71606e52,2026-09-30 03:27:01.59001+00,98897e91-13e0-411c-8845-ad0e7a6ff7de,부산 DM,,2
3899f11c-0840-40a5-8bdf-69346bfd70d1,2026-10-26,마케팅 캡스톤 Phase 1: 과제 확정·킥오프,LAB4DX,,,5d08e905-02c7-4144-893a-c97c71606e52,2026-09-30 03:21:55.204748+00,edf8f06d-393d-4a19-947a-f867a6e88f56,부산 DM,박윤하,1
38b3167b-a670-4a1d-b12d-aa9693b635e6,2026-11-02,제조 캡스톤 Phase 3: 최종 완성·발표,aSSIST,,,5d08e905-02c7-4144-893a-c97c71606e52,2026-09-30 03:21:55.204748+00,b8fde554-6775-44ef-bc2a-74ff079e0ba2,대전 SF,김명수,1
38b9dc70-6a8e-4a61-a897-432ae9f4bb67,2026-10-21,마케팅 캡스톤 Phase 1: 과제 확정·킥오프,LAB4DX,,,5d08e905-02c7-4144-893a-c97c71606e52,2026-09-30 03:21:55.204748+00,edf8f06d-393d-4a19-947a-f867a6e88f56,부산 DM,박윤하,1
38d8c278-10dc-4894-90ff-00f118c42715,2026-11-11,트랙 최종 발표(통합멘토링),LAB4DX,,,5d08e905-02c7-4144-893a-c97c71606e52,2026-09-30 03:33:01.871798+00,036b2b7b-4f9d-440a-b9c6-827ec2fa66a5,부산 AX2,,1
38dc6134-3dad-4c82-af3f-852b8733ad3a,2026-11-25,생성형 AI 업무활용 기본,LAB4DX,,,5d08e905-02c7-4144-893a-c97c71606e52,2026-09-30 03:27:01.59001+00,51578d60-88f8-44a3-916a-940934f35a81,부산 SF,,2
39b3f76a-95b2-4cad-9604-1cfdbfcdaf2b,2026-09-15,혁신적 사고와 비즈니스 의사결정,CLIPS,,,5d08e905-02c7-4144-893a-c97c71606e52,2026-09-30 03:21:55.204748+00,cbdb02af-8b53-4483-8487-1f8e27199150,대구 DM,오성욱,1
39bdeafc-2aa3-4e6e-b1eb-e478aada6d3c,2026-10-13,지능화·설비/공정 모니터링,aSSIST,,,5d08e905-02c7-4144-893a-c97c71606e52,2026-09-30 03:21:55.204748+00,b8fde554-6775-44ef-bc2a-74ff079e0ba2,대전 SF,정준수,1
39d7b7e6-6a66-44a2-b0de-8dae638e0abf,2026-11-25,생성형 AI 업무활용 기본,LAB4DX,,,5d08e905-02c7-4144-893a-c97c71606e52,2026-09-30 03:27:01.59001+00,98897e91-13e0-411c-8845-ad0e7a6ff7de,부산 DM,조현아,2
39f2897c-45a4-470b-80c2-69f0f36d7394,2026-11-04,AX 캡스톤 Phase 3: 프로토타입·KPI,LAB4DX,,,5d08e905-02c7-4144-893a-c97c71606e52,2026-09-30 03:21:55.204748+00,9c560e52-16d5-4d66-aa9c-3547721123dc,부산 AX1,김기범,1
39f67e0d-1123-410e-b8f7-58a40754cb26,2026-12-08,면접 스킬업/포트폴리오,CLIPS,,,5d08e905-02c7-4144-893a-c97c71606e52,2026-09-30 03:27:01.59001+00,b2566702-6b24-42b0-b76b-3fcba9a7954b,부산 AX,백인선,2
3a2c4c3e-0066-4fe8-a1c1-2b1cf2a72dea,2026-10-01,Operation 생산계획과 공정흐름,aSSIST,,,5d08e905-02c7-4144-893a-c97c71606e52,2026-09-30 03:21:55.204748+00,edd7fa6f-92dc-41a6-b9fd-e96ee63b894e,부산 SF,박승욱,1
3a8a62a9-6a1c-49fa-b8a7-dfbe673c6da4,2026-12-10,고객가치 체험 워크숍,LGE,,,5d08e905-02c7-4144-893a-c97c71606e52,2026-09-30 03:27:01.59001+00,51578d60-88f8-44a3-916a-940934f35a81,부산 SF,,2
3abd5bb6-98c6-4d76-9d7a-0cf73492a262,2026-12-22,제조 AX 솔루션 체험,aSSIST,,,5d08e905-02c7-4144-893a-c97c71606e52,2026-09-30 03:27:01.59001+00,51578d60-88f8-44a3-916a-940934f35a81,부산 SF,김호성,2
3b160444-82d0-49f0-8166-a1dbd72ab5ab,2026-11-05,마케팅 캡스톤 Phase 3: 프로토타입·KPI,LAB4DX,,,5d08e905-02c7-4144-893a-c97c71606e52,2026-09-30 03:21:55.204748+00,edf8f06d-393d-4a19-947a-f867a6e88f56,부산 DM,박윤하,1
3b35f4ff-c37b-4612-a882-b838b5ceba56,2027-01-06,AX 캡스톤 Phase 2: 프로토타입·KPI,LAB4DX,,,5d08e905-02c7-4144-893a-c97c71606e52,2026-09-30 03:27:01.59001+00,e7a15ddb-abee-4107-b52f-5719066cc4dc,대구 AX,,2
3c7a288d-0b21-4901-ac2c-493e78508330,2027-01-12,AX 캡스톤 Phase 2: 프로토타입·KPI,LAB4DX,,,5d08e905-02c7-4144-893a-c97c71606e52,2026-09-30 03:27:01.59001+00,b2566702-6b24-42b0-b76b-3fcba9a7954b,부산 AX,오성호,2
3cc66852-20a5-497c-9de4-0fa2e36644ea,2027-01-04,AX 캡스톤 Phase 1: 과제 확정·킥오프,LAB4DX,,,5d08e905-02c7-4144-893a-c97c71606e52,2026-09-30 03:27:01.59001+00,73e4600c-7386-4f2d-9d16-99a17fc4908d,대전 AX,서예람,2
3d2a3a81-0156-4d65-b877-e85d66dd8196,2026-10-13,업무 AX 혁신 기회 탐색·과제 정의,LAB4DX,,,5d08e905-02c7-4144-893a-c97c71606e52,2026-09-30 03:21:55.204748+00,1c540de2-1320-43dc-b795-468f78eb4f1a,대구 AX,김나영,1
3e165746-d94f-4e20-b1a4-5be6dd3ac62d,2026-11-30,인바스켓 문제해결,CLIPS,,,5d08e905-02c7-4144-893a-c97c71606e52,2026-09-30 03:27:01.59001+00,51578d60-88f8-44a3-916a-940934f35a81,부산 SF,김명식,2
3e39149e-5115-47f4-a41d-880fc4342d99,2026-09-22,전자 산업 대전환,aSSIST,,,5d08e905-02c7-4144-893a-c97c71606e52,2026-09-30 03:21:55.204748+00,68ab8f99-2a95-4f4d-9f1b-2ec08c5d80bf,대전 AX,노태우,1
3e3f9ca3-7fc5-40a8-8b46-12ac1d7ae5eb,2026-11-03,AX 캡스톤 Phase 3: 최종 완성·발표,LAB4DX,,,5d08e905-02c7-4144-893a-c97c71606e52,2026-09-30 03:21:55.204748+00,68ab8f99-2a95-4f4d-9f1b-2ec08c5d80bf,대전 AX,서예람,1
3e42c4e9-eecf-4955-b8fa-b6ff90a1c607,2026-11-17,조직 협업 원리,CLIPS,,,5d08e905-02c7-4144-893a-c97c71606e52,2026-09-30 03:27:01.59001+00,98897e91-13e0-411c-8845-ad0e7a6ff7de,부산 DM,김보람,2
3f271c79-35e9-4bd4-887a-e1ec77a30d53,2026-11-10,캡스톤 Phase 3: 최종완성·발표,LAB4DX,,,5d08e905-02c7-4144-893a-c97c71606e52,2026-09-30 03:33:01.871798+00,edf8f06d-393d-4a19-947a-f867a6e88f56,부산 DM,,1
404fb4b1-b6ce-4897-a2f8-2a8392b2b31a,2026-12-29,제조 캡스톤 Phase 1: 과제 확정·킥오프,LAB4DX,,,5d08e905-02c7-4144-893a-c97c71606e52,2026-09-30 03:27:01.59001+00,f78b54cb-e709-47e0-bee7-50bc3bddce98,대구 SF,,2
412b57b3-cc96-451f-9e0d-94f3d1c9b424,2026-12-25,성탄절,,,,5d08e905-02c7-4144-893a-c97c71606e52,2026-09-30 03:27:01.59001+00,98897e91-13e0-411c-8845-ad0e7a6ff7de,부산 DM,,2
41f4f063-9b3f-4cb7-b935-1a87cd40ee8b,2026-11-20,AI 해커톤 실전,LAB4DX,,,5d08e905-02c7-4144-893a-c97c71606e52,2026-09-30 03:27:01.59001+00,73e4600c-7386-4f2d-9d16-99a17fc4908d,대전 AX,서예람,2
42008c75-8703-42e7-ad6c-7bed399cbdb9,2026-09-16,LG전자 Value Chain 워크숍,LGE,,,5d08e905-02c7-4144-893a-c97c71606e52,2026-09-30 03:21:55.204748+00,edf8f06d-393d-4a19-947a-f867a6e88f56,부산 DM,황정현,1
4224df65-1ab8-4985-b7f7-b4a8a577151a,2026-12-02,전자 산업 대전환,aSSIST,,,5d08e905-02c7-4144-893a-c97c71606e52,2026-09-30 03:27:01.59001+00,51578d60-88f8-44a3-916a-940934f35a81,부산 SF,노태우,2
42992d08-6b6d-440d-807a-f7f74921b5b4,2026-11-10,유형별 관계전략,CLIPS,,,5d08e905-02c7-4144-893a-c97c71606e52,2026-09-30 03:27:01.59001+00,e7a15ddb-abee-4107-b52f-5719066cc4dc,대구 AX,남미진,2
43962dd7-9088-436d-91f9-657dbee2368d,2026-10-28,AX 캡스톤 Phase 2: 프로토타입·KPI,LAB4DX,,,5d08e905-02c7-4144-893a-c97c71606e52,2026-09-30 03:21:55.204748+00,68ab8f99-2a95-4f4d-9f1b-2ec08c5d80bf,대전 AX,서예람,1
448cde84-3ae5-45b9-a695-3cff5274ceb8,2026-09-14,나를 찾아떠나는 여행2,LGE,,,5d08e905-02c7-4144-893a-c97c71606e52,2026-09-30 03:21:55.204748+00,036b2b7b-4f9d-440a-b9c6-827ec2fa66a5,부산 AX2,박경희,1
454c793d-5f7d-442d-a66b-7e9bf979f3e0,2026-10-08,업무 데이터 파악 및 문제 정의,LAB4DX,,,5d08e905-02c7-4144-893a-c97c71606e52,2026-09-30 03:21:55.204748+00,036b2b7b-4f9d-440a-b9c6-827ec2fa66a5,부산 AX2,최영화,1
45918712-ceb6-44a8-bb4d-861082a9858a,2026-12-22,지능화·설비/공정 모니터링,aSSIST,,,5d08e905-02c7-4144-893a-c97c71606e52,2026-09-30 03:27:01.59001+00,f78b54cb-e709-47e0-bee7-50bc3bddce98,대구 SF,정준수,2
45cc5c87-a84d-4f5e-a05b-981d56099f00,2026-12-25,성탄절,,,,5d08e905-02c7-4144-893a-c97c71606e52,2026-09-30 03:27:01.59001+00,73e4600c-7386-4f2d-9d16-99a17fc4908d,대전 AX,,2
45dff5e5-9eb4-4b8f-8784-17de9c76b0ee,2026-11-09,캡스톤 Phase 3: 최종완성·발표,LAB4DX,,,5d08e905-02c7-4144-893a-c97c71606e52,2026-09-30 03:33:01.871798+00,edf8f06d-393d-4a19-947a-f867a6e88f56,부산 DM,,1
4612ce7e-5394-4499-b593-eb7fca06f79d,2026-10-30,마케팅 캡스톤 Phase 2: 프로토타입·KPI,LAB4DX,,,5d08e905-02c7-4144-893a-c97c71606e52,2026-09-30 03:21:55.204748+00,edf8f06d-393d-4a19-947a-f867a6e88f56,부산 DM,박윤하,1
465d98fe-7dbd-4fd3-9f49-01a496784793,2026-09-14,나를 찾아떠나는 여행2,LGE,,,5d08e905-02c7-4144-893a-c97c71606e52,2026-09-30 03:21:55.204748+00,9c560e52-16d5-4d66-aa9c-3547721123dc,부산 AX1,박정혁,1
46909ed2-ae9b-4715-9cba-adfb8eabd2af,2026-10-13,업무 데이터 파악 및 문제 정의,LAB4DX,,,5d08e905-02c7-4144-893a-c97c71606e52,2026-09-30 03:21:55.204748+00,9c560e52-16d5-4d66-aa9c-3547721123dc,부산 AX1,강태우,1
46d445ad-1bc8-4ab1-ac51-413deeaf4a51,2027-01-25,AX 트랙 통합멘토링,LAB4DX,,,5d08e905-02c7-4144-893a-c97c71606e52,2026-09-30 03:27:01.59001+00,b2566702-6b24-42b0-b76b-3fcba9a7954b,부산 AX,오성호,2
46ef8d94-a190-46e1-b2a6-950b400d91c1,2026-11-03,자기이해 진단 워크숍(버크만),LGE,,,cb543b2e-ec13-4c0c-9322-1c01f363a7dd,2026-09-30 04:52:15.605155+00,73e4600c-7386-4f2d-9d16-99a17fc4908d,대전 AX,김정은,2
4732945b-7997-4333-b846-6295ae001d0f,2026-10-06,RAG:우리 회사 문서를 AI에 연결하기,LAB4DX,,,5d08e905-02c7-4144-893a-c97c71606e52,2026-09-30 03:21:55.204748+00,68ab8f99-2a95-4f4d-9f1b-2ec08c5d80bf,대전 AX,김희원,1
475c44a8-ba9f-4414-a7f0-c2891d1ffb67,2026-09-22,인바스켓 문제해결,CLIPS,,,5d08e905-02c7-4144-893a-c97c71606e52,2026-09-30 03:21:55.204748+00,9c560e52-16d5-4d66-aa9c-3547721123dc,부산 AX1,심현수,1
477d8b4e-cf25-4c82-8429-b6700f567eaf,2026-11-27,AI 해커톤 실전,LAB4DX,,,5d08e905-02c7-4144-893a-c97c71606e52,2026-09-30 03:27:01.59001+00,b2566702-6b24-42b0-b76b-3fcba9a7954b,부산 AX,오성호,2
47cc8318-b168-45c2-9e6f-6a08efdc1573,2026-12-22,업무 AX 혁신 기회 탐색·과제 정의,LAB4DX,,,5d08e905-02c7-4144-893a-c97c71606e52,2026-09-30 03:27:01.59001+00,73e4600c-7386-4f2d-9d16-99a17fc4908d,대전 AX,서예람,2
48099cb8-823f-41a3-8c45-bc9f379526e0,2026-12-14,마케팅 대시보드와 보고,aSSIST,,,5d08e905-02c7-4144-893a-c97c71606e52,2026-09-30 03:27:01.59001+00,98897e91-13e0-411c-8845-ad0e7a6ff7de,부산 DM,송태호,2
483029fd-f65a-4d43-b692-77d3ae39e947,2026-10-27,AX 캡스톤 Phase 1: 과제 확정·킥오프,LAB4DX,,,5d08e905-02c7-4144-893a-c97c71606e52,2026-09-30 03:21:55.204748+00,036b2b7b-4f9d-440a-b9c6-827ec2fa66a5,부산 AX2,이지현,1
4850beab-36c1-4629-a2dd-bdc75a21741f,2027-01-13,AX 캡스톤 Phase 3: 최종 완성·발표,LAB4DX,,,5d08e905-02c7-4144-893a-c97c71606e52,2026-09-30 03:27:01.59001+00,73e4600c-7386-4f2d-9d16-99a17fc4908d,대전 AX,서예람,2
491454a5-210f-42c3-abd1-8b1f9851ef17,2027-01-12,제조 캡스톤 Phase 2: 프로토타입·KPI,LAB4DX,,,5d08e905-02c7-4144-893a-c97c71606e52,2026-09-30 03:27:01.59001+00,f78b54cb-e709-47e0-bee7-50bc3bddce98,대구 SF,,2
492cd39a-b105-4d4d-bc5c-fcfe9ad0b2c3,2027-01-25,제조 트랙 통합멘토링,LAB4DX,,,5d08e905-02c7-4144-893a-c97c71606e52,2026-09-30 03:27:01.59001+00,51578d60-88f8-44a3-916a-940934f35a81,부산 SF,,2
4a47b74b-e01e-4853-bedc-868c22848cdb,2026-11-10,조직 협업 원리,CLIPS,,,5d08e905-02c7-4144-893a-c97c71606e52,2026-09-30 03:27:01.59001+00,f78b54cb-e709-47e0-bee7-50bc3bddce98,대구 SF,김민경,2
4a807431-b13e-4874-96b2-27567ab78e7d,2026-12-14,사무 업무 프로세스 이해 및 AX 전환,LAB4DX,,,5d08e905-02c7-4144-893a-c97c71606e52,2026-09-30 03:27:01.59001+00,b2566702-6b24-42b0-b76b-3fcba9a7954b,부산 AX,오성호,2
4c5ca768-3be9-48ed-befa-e724d5888e18,2026-12-01,면접 스킬업/포트폴리오,CLIPS,,,5d08e905-02c7-4144-893a-c97c71606e52,2026-09-30 03:27:01.59001+00,e7a15ddb-abee-4107-b52f-5719066cc4dc,대구 AX,황은희,2
4c5edeb4-c2e2-4e78-8588-97aee9ea15f9,2026-11-20,AI 해커톤 실전,LAB4DX,,,5d08e905-02c7-4144-893a-c97c71606e52,2026-09-30 03:27:01.59001+00,e7a15ddb-abee-4107-b52f-5719066cc4dc,대구 AX,김나영,2
4c99aeb5-8a09-4b0b-b3db-24e2204d8e0a,2026-11-06,캡스톤 Phase 3: 최종완성·발표,LAB4DX,,,5d08e905-02c7-4144-893a-c97c71606e52,2026-09-30 03:33:01.871798+00,036b2b7b-4f9d-440a-b9c6-827ec2fa66a5,부산 AX2,,1
4ccdfde1-86a3-47f3-bc08-c5a954c76890,2026-10-27,마케팅 캡스톤 Phase 2: 프로토타입·KPI,LAB4DX,,,5d08e905-02c7-4144-893a-c97c71606e52,2026-09-30 03:21:55.204748+00,cbdb02af-8b53-4483-8487-1f8e27199150,대구 DM,,1
4ef20a54-da89-4d69-804f-06360e470c36,2026-12-31,연말 휴강,,,,5d08e905-02c7-4144-893a-c97c71606e52,2026-09-30 03:27:01.59001+00,e7a15ddb-abee-4107-b52f-5719066cc4dc,대구 AX,,2
4f77d7d2-b0e6-47b4-a0c6-5e8a8c02b883,2027-01-08,제조 캡스톤 Phase 2: 프로토타입·KPI,LAB4DX,,,5d08e905-02c7-4144-893a-c97c71606e52,2026-09-30 03:27:01.59001+00,f78b54cb-e709-47e0-bee7-50bc3bddce98,대구 SF,,2
4fbf2775-c540-4917-966b-b3cefed3e3a7,2026-11-09,유형별 관계전략,CLIPS,,,5d08e905-02c7-4144-893a-c97c71606e52,2026-09-30 03:27:01.59001+00,57cffe17-5311-4d1e-b1e7-fc4098f9bd3b,대전 DM,김지영,2
4fee3134-5271-4d3b-aa34-e3e9fbfc3862,2026-10-14,데이터 기반 마케팅 기획 실습,aSSIST,,,5d08e905-02c7-4144-893a-c97c71606e52,2026-09-30 03:21:55.204748+00,edf8f06d-393d-4a19-947a-f867a6e88f56,부산 DM,김윤경,1
5032e7db-1f98-4976-a834-6a21f7359ce9,2026-10-21,제조 캡스톤 Phase 1: 과제 확정·킥오프,aSSIST,,,5d08e905-02c7-4144-893a-c97c71606e52,2026-09-30 03:21:55.204748+00,b8fde554-6775-44ef-bc2a-74ff079e0ba2,대전 SF,김명수,1
506afb57-8892-4001-b430-df4dabd7643d,2026-09-29,생산관리·구매·조달 기초,aSSIST,,,5d08e905-02c7-4144-893a-c97c71606e52,2026-09-30 03:21:55.204748+00,b8fde554-6775-44ef-bc2a-74ff079e0ba2,대전 SF,박승욱,1
5091c9fc-7fcd-4676-9203-3071e0974b1c,2026-11-27,혁신적 사고 워크숍,CLIPS,,,5d08e905-02c7-4144-893a-c97c71606e52,2026-09-30 03:27:01.59001+00,e7a15ddb-abee-4107-b52f-5719066cc4dc,대구 AX,오성욱,2
5173759e-c964-42dd-bccb-a1f6a2d64328,2026-09-21,혁신적 사고 워크숍,CLIPS,,,5d08e905-02c7-4144-893a-c97c71606e52,2026-09-30 03:21:55.204748+00,edf8f06d-393d-4a19-947a-f867a6e88f56,부산 DM,오성욱,1
51cc6226-b128-4b31-90ef-7355af1f3062,2026-12-23,마케팅 데이터 리터러시,aSSIST,,,5d08e905-02c7-4144-893a-c97c71606e52,2026-09-30 03:27:01.59001+00,98897e91-13e0-411c-8845-ad0e7a6ff7de,부산 DM,송태호,2
51f8c9b2-1a1c-4f65-8efd-51a2b023410f,2026-12-15,Operation 생산계획과 공정흐름,aSSIST,,,5d08e905-02c7-4144-893a-c97c71606e52,2026-09-30 03:27:01.59001+00,51578d60-88f8-44a3-916a-940934f35a81,부산 SF,박승욱,2
53aa4fa1-8a6c-47f5-b84b-67be23731b12,2026-10-16,SEO·SNS·숏폼 콘텐츠,aSSIST,,,5d08e905-02c7-4144-893a-c97c71606e52,2026-09-30 03:21:55.204748+00,edf8f06d-393d-4a19-947a-f867a6e88f56,부산 DM,김윤경,1
53ccf57d-40c1-4a9d-9e49-5d490a4b9ba0,2026-11-27,전자 산업 대전환,aSSIST,,,5d08e905-02c7-4144-893a-c97c71606e52,2026-09-30 03:27:01.59001+00,73e4600c-7386-4f2d-9d16-99a17fc4908d,대전 AX,노태우,2
53d71a64-660d-49c8-8c2f-3bbfa93ec3bf,2027-01-20,마케팅 캡스톤 Phase 3: 최종 완성·발표,LAB4DX,,,5d08e905-02c7-4144-893a-c97c71606e52,2026-09-30 03:27:01.59001+00,98897e91-13e0-411c-8845-ad0e7a6ff7de,부산 DM,,2
54ad8ee3-6d5f-4ced-8a1b-ad1af757f64e,2026-11-02,AX 캡스톤 Phase 2: 프로토타입·KPI,LAB4DX,,,5d08e905-02c7-4144-893a-c97c71606e52,2026-09-30 03:21:55.204748+00,036b2b7b-4f9d-440a-b9c6-827ec2fa66a5,부산 AX2,이지현,1
54db3dbf-2450-4cde-9458-f120b11d5de2,2026-10-21,AX 캡스톤 Phase 1: 과제 확정·킥오프,LAB4DX,,,5d08e905-02c7-4144-893a-c97c71606e52,2026-09-30 03:21:55.204748+00,9c560e52-16d5-4d66-aa9c-3547721123dc,부산 AX1,김기범,1
562af4c9-d547-4b79-beec-08cbd7d411f2,2026-10-26,AX 캡스톤 Phase 2: 프로토타입·KPI,LAB4DX,,,5d08e905-02c7-4144-893a-c97c71606e52,2026-09-30 03:21:55.204748+00,1c540de2-1320-43dc-b795-468f78eb4f1a,대구 AX,,1
562b16a3-ce84-42a4-93bc-a8cc13266b21,2026-11-20,커리어 그룹 코칭,LGE,,,5d08e905-02c7-4144-893a-c97c71606e52,2026-09-30 03:27:01.59001+00,98897e91-13e0-411c-8845-ad0e7a6ff7de,부산 DM,,2
56863649-551e-496f-b581-9f6a72b6c121,2026-10-27,AX 캡스톤 Phase 1: 과제 확정·킥오프,LAB4DX,,,5d08e905-02c7-4144-893a-c97c71606e52,2026-09-30 03:21:55.204748+00,9c560e52-16d5-4d66-aa9c-3547721123dc,부산 AX1,김기범,1
56af3790-7252-43ad-85df-6a533dc881c8,2026-10-15,마케팅 캡스톤 Phase 1: 과제 확정·킥오프,LAB4DX,,,5d08e905-02c7-4144-893a-c97c71606e52,2026-09-30 03:21:55.204748+00,cbdb02af-8b53-4483-8487-1f8e27199150,대구 DM,,1
5726978a-948e-43e3-855f-4de5f294aac0,2026-12-17,업무 AX 혁신 기회 탐색·과제 정의,LAB4DX,,,5d08e905-02c7-4144-893a-c97c71606e52,2026-09-30 03:27:01.59001+00,73e4600c-7386-4f2d-9d16-99a17fc4908d,대전 AX,서예람,2
574b551e-2de4-4133-8767-86344728e4f8,2026-11-17,워크 스마트 스킬,CLIPS,,,5d08e905-02c7-4144-893a-c97c71606e52,2026-09-30 03:27:01.59001+00,57cffe17-5311-4d1e-b1e7-fc4098f9bd3b,대전 DM,김남희,2
57672a8d-4009-4521-8678-52767979d291,2026-11-17,유형별 관계전략,CLIPS,,,5d08e905-02c7-4144-893a-c97c71606e52,2026-09-30 03:27:01.59001+00,51578d60-88f8-44a3-916a-940934f35a81,부산 SF,남미진,2
58043921-2cfa-4db0-b10a-5bb7f4fdfb78,2026-12-11,업무 데이터 파악 및 문제 정의,LAB4DX,,,5d08e905-02c7-4144-893a-c97c71606e52,2026-09-30 03:27:01.59001+00,73e4600c-7386-4f2d-9d16-99a17fc4908d,대전 AX,서예람,2
5829e93f-6afe-432b-a079-4fcf5ee674f0,2026-10-15,업무 AX 혁신 기회 탐색·과제 정의,LAB4DX,,,5d08e905-02c7-4144-893a-c97c71606e52,2026-09-30 03:21:55.204748+00,9c560e52-16d5-4d66-aa9c-3547721123dc,부산 AX1,강태우,1
58343f04-4d2b-498f-93a7-2a3639399c6f,2026-11-02,AX 캡스톤 Phase 3: 최종 완성·발표,LAB4DX,,,5d08e905-02c7-4144-893a-c97c71606e52,2026-09-30 03:21:55.204748+00,68ab8f99-2a95-4f4d-9f1b-2ec08c5d80bf,대전 AX,서예람,1
592dad70-5171-4755-b18c-23baa3ab7501,2026-10-29,AX 캡스톤 Phase 2: 프로토타입·KPI,LAB4DX,,,5d08e905-02c7-4144-893a-c97c71606e52,2026-09-30 03:21:55.204748+00,9c560e52-16d5-4d66-aa9c-3547721123dc,부산 AX1,김기범,1
5a7cb51a-da28-4a84-9f73-042dc563b3c4,2026-12-09,LG전자 Value Chain 워크숍,LGE,,,5d08e905-02c7-4144-893a-c97c71606e52,2026-09-30 03:27:01.59001+00,51578d60-88f8-44a3-916a-940934f35a81,부산 SF,,2
5ad9e59e-df5c-4fda-9131-0e902c1ed3bf,2026-10-26,AX 캡스톤 Phase 2: 프로토타입·KPI,LAB4DX,,,5d08e905-02c7-4144-893a-c97c71606e52,2026-09-30 03:21:55.204748+00,68ab8f99-2a95-4f4d-9f1b-2ec08c5d80bf,대전 AX,서예람,1
5af15b51-32d8-45d7-b3f4-dda9f4ecdbba,2026-10-02,생산관리·구매·조달 기초,aSSIST,,,5d08e905-02c7-4144-893a-c97c71606e52,2026-09-30 03:21:55.204748+00,edd7fa6f-92dc-41a6-b9fd-e96ee63b894e,부산 SF,박승욱,1
5b28a869-736f-4c12-9942-b7c3a535bdd7,2026-11-04,AX 캡스톤 Phase 3: 최종 완성·발표,LAB4DX,,,5d08e905-02c7-4144-893a-c97c71606e52,2026-09-30 03:21:55.204748+00,68ab8f99-2a95-4f4d-9f1b-2ec08c5d80bf,대전 AX,서예람,1
5b8a9c11-bb3b-4afc-b765-fcfb63a16def,2026-12-08,면접 스킬업/포트폴리오,CLIPS,,,5d08e905-02c7-4144-893a-c97c71606e52,2026-09-30 03:27:01.59001+00,98897e91-13e0-411c-8845-ad0e7a6ff7de,부산 DM,강진,2
5caaeb8a-e904-4e2b-b10d-38ceb4442951,2026-10-08,업무 데이터 파악 및 문제 정의,LAB4DX,,,5d08e905-02c7-4144-893a-c97c71606e52,2026-09-30 03:21:55.204748+00,9c560e52-16d5-4d66-aa9c-3547721123dc,부산 AX1,고채린,1
5d1af49f-e5be-43a7-92ea-7687855b8506,2026-11-04,제조 캡스톤 Phase 3: 최종 완성·발표,aSSIST,,,5d08e905-02c7-4144-893a-c97c71606e52,2026-09-30 03:21:55.204748+00,b8fde554-6775-44ef-bc2a-74ff079e0ba2,대전 SF,김명수,1
5d22b69c-0c57-4002-9750-bc0390f8c39d,2026-11-09,비즈 커뮤니케이션,CLIPS,,,5d08e905-02c7-4144-893a-c97c71606e52,2026-09-30 03:27:01.59001+00,73e4600c-7386-4f2d-9d16-99a17fc4908d,대전 AX,남미현,2
5d94dc33-8ad6-4be0-b213-207c5363c2e4,2026-11-27,AI 해커톤 실전,LAB4DX,,,5d08e905-02c7-4144-893a-c97c71606e52,2026-09-30 03:27:01.59001+00,51578d60-88f8-44a3-916a-940934f35a81,부산 SF,,2
5e090259-9943-4f25-a506-3b0c76eecea4,2026-10-07,사무 업무 프로세스 이해 및 AX 전환,LAB4DX,,,5d08e905-02c7-4144-893a-c97c71606e52,2026-09-30 03:21:55.204748+00,9c560e52-16d5-4d66-aa9c-3547721123dc,부산 AX1,고채린,1
5e74f925-595c-4c81-bf5b-f001a7bdbcb6,2026-09-21,사무 업무 프로세스 이해 및 AX 전환,LAB4DX,,,5d08e905-02c7-4144-893a-c97c71606e52,2026-09-30 03:21:55.204748+00,1c540de2-1320-43dc-b795-468f78eb4f1a,대구 AX,이정환,1
5f001d03-0f12-42a9-bb20-3056c48f88a6,2026-09-30,디지털 마케팅 직무탐색,aSSIST,,,5d08e905-02c7-4144-893a-c97c71606e52,2026-09-30 03:21:55.204748+00,cbdb02af-8b53-4483-8487-1f8e27199150,대구 DM,송태호,1
5f734d0b-8ee0-44bb-a45e-4b240505bb1b,2026-10-19,업무 AX 혁신 기회 탐색·과제 정의,LAB4DX,,,5d08e905-02c7-4144-893a-c97c71606e52,2026-09-30 03:21:55.204748+00,036b2b7b-4f9d-440a-b9c6-827ec2fa66a5,부산 AX2,박수현,1
5fe082af-4d0c-4646-8186-311a0b5e5393,2026-12-16,Operation 미니 케이스,aSSIST,,,5d08e905-02c7-4144-893a-c97c71606e52,2026-09-30 03:27:01.59001+00,f78b54cb-e709-47e0-bee7-50bc3bddce98,대구 SF,신영철,2
5fe1e624-13c5-4382-91f4-6ffb124d3015,2026-11-09,캡스톤 Phase 3: 최종완성·발표,LAB4DX,,,5d08e905-02c7-4144-893a-c97c71606e52,2026-09-30 03:33:01.871798+00,036b2b7b-4f9d-440a-b9c6-827ec2fa66a5,부산 AX2,,1
5fe8257f-c966-4b26-9ecd-7e238ed23b5e,2026-10-15,제조 AX 솔루션 체험,aSSIST,,,5d08e905-02c7-4144-893a-c97c71606e52,2026-09-30 03:21:55.204748+00,edd7fa6f-92dc-41a6-b9fd-e96ee63b894e,부산 SF,김호성,1
606a82b1-154c-495d-9dc2-2f3f36dfe340,2026-10-30,마케팅 캡스톤 Phase 2: 프로토타입·KPI,LAB4DX,,,5d08e905-02c7-4144-893a-c97c71606e52,2026-09-30 03:21:55.204748+00,cbdb02af-8b53-4483-8487-1f8e27199150,대구 DM,,1
60ac9640-ce0e-49c4-9c9b-5939adbd2129,2026-12-09,디지털 마케팅 세계전망,aSSIST,,,5d08e905-02c7-4144-893a-c97c71606e52,2026-09-30 03:27:01.59001+00,57cffe17-5311-4d1e-b1e7-fc4098f9bd3b,대전 DM,서권석,2
60f5085a-23e0-495f-853e-24a0a22b638b,2026-09-28,직무·산업 이해,aSSIST,,,5d08e905-02c7-4144-893a-c97c71606e52,2026-09-30 03:21:55.204748+00,9c560e52-16d5-4d66-aa9c-3547721123dc,부산 AX1,이재환,1
61f177db-d29c-4faf-8215-1d9f4d12d5cc,2026-12-25,성탄절,,,,5d08e905-02c7-4144-893a-c97c71606e52,2026-09-30 03:27:01.59001+00,e7a15ddb-abee-4107-b52f-5719066cc4dc,대구 AX,,2
63661367-3f26-4f0c-9462-05a710da4858,2026-12-15,Value Chain으로 보는 마케팅 직무,aSSIST,,,5d08e905-02c7-4144-893a-c97c71606e52,2026-09-30 03:27:01.59001+00,98897e91-13e0-411c-8845-ad0e7a6ff7de,부산 DM,김지연,2
63b1a593-b573-4696-b41f-744addddc2fc,2026-11-23,7-STEP 문제해결 프레임워크,CLIPS,,,5d08e905-02c7-4144-893a-c97c71606e52,2026-09-30 03:27:01.59001+00,98897e91-13e0-411c-8845-ad0e7a6ff7de,부산 DM,김보성,2
6409334e-186e-4263-9f85-7dceae56be70,2027-01-06,제조 캡스톤 Phase 1: 과제 확정·킥오프,LAB4DX,,,5d08e905-02c7-4144-893a-c97c71606e52,2026-09-30 03:27:01.59001+00,51578d60-88f8-44a3-916a-940934f35a81,부산 SF,,2
64b755c6-9147-49e4-b1f9-6de9f19a9037,2026-10-01,정보화 시스템·제조 데이터 흐름,aSSIST,,,5d08e905-02c7-4144-893a-c97c71606e52,2026-09-30 03:21:55.204748+00,b8fde554-6775-44ef-bc2a-74ff079e0ba2,대전 SF,김화종,1
64e12a55-c019-4261-b00a-56caf296df5f,2026-12-16,생산관리·구매·조달 기초,aSSIST,,,5d08e905-02c7-4144-893a-c97c71606e52,2026-09-30 03:27:01.59001+00,51578d60-88f8-44a3-916a-940934f35a81,부산 SF,박승욱,2
650b8146-62f0-4015-bef4-d4920cb0e37c,2026-10-21,제조 캡스톤 Phase 1: 과제 확정·킥오프,LAB4DX,,,5d08e905-02c7-4144-893a-c97c71606e52,2026-09-30 03:21:55.204748+00,edd7fa6f-92dc-41a6-b9fd-e96ee63b894e,부산 SF,김화종,1
6573d913-9612-4ae4-afa6-1e54631a343c,2027-01-06,제조 캡스톤 Phase 2: 프로토타입·KPI,LAB4DX,,,5d08e905-02c7-4144-893a-c97c71606e52,2026-09-30 03:27:01.59001+00,f78b54cb-e709-47e0-bee7-50bc3bddce98,대구 SF,,2
6591ac5b-04a1-499b-9647-f69e40dc640d,2026-11-19,AI Working Skill 응용,LAB4DX,,,5d08e905-02c7-4144-893a-c97c71606e52,2026-09-30 03:27:01.59001+00,57cffe17-5311-4d1e-b1e7-fc4098f9bd3b,대전 DM,,2
65c0db6b-84fe-4587-9add-fcc8ce69abd8,2026-12-14,정보화 시스템·제조 데이터 흐름,aSSIST,,,5d08e905-02c7-4144-893a-c97c71606e52,2026-09-30 03:27:01.59001+00,51578d60-88f8-44a3-916a-940934f35a81,부산 SF,김화종,2
66019d30-4784-4613-adb1-595d0eddfffd,2026-11-03,자기이해 진단 워크숍(버크만),LGE,,,cb543b2e-ec13-4c0c-9322-1c01f363a7dd,2026-09-30 04:52:15.605155+00,e7a15ddb-abee-4107-b52f-5719066cc4dc,대구 AX,이한나,2
664dde5d-8918-486e-8dd3-061b3b6721cf,2026-11-04,AX 캡스톤 Phase 3: 최종 완성·발표,LAB4DX,,,5d08e905-02c7-4144-893a-c97c71606e52,2026-09-30 03:21:55.204748+00,1c540de2-1320-43dc-b795-468f78eb4f1a,대구 AX,,1
667ca565-5d19-46ca-a544-837a701fc741,2027-01-07,AX 캡스톤 Phase 1: 과제 확정·킥오프,LAB4DX,,,5d08e905-02c7-4144-893a-c97c71606e52,2026-09-30 03:27:01.59001+00,b2566702-6b24-42b0-b76b-3fcba9a7954b,부산 AX,오성호,2
66a55242-2faf-41fa-9d4b-c841339a65bd,2026-10-30,AX 캡스톤 Phase 2: 프로토타입·KPI,LAB4DX,,,5d08e905-02c7-4144-893a-c97c71606e52,2026-09-30 03:21:55.204748+00,036b2b7b-4f9d-440a-b9c6-827ec2fa66a5,부산 AX2,이지현,1
66ad1b0e-ddc8-4542-867c-7d8a1906e84b,2026-12-07,나를 찾아떠나는 여행2,LGE,,,5d08e905-02c7-4144-893a-c97c71606e52,2026-09-30 03:27:01.59001+00,98897e91-13e0-411c-8845-ad0e7a6ff7de,부산 DM,,2
66ff782b-a3dc-4eeb-9d3b-d562133667d8,2026-10-13,SEO·SNS·숏폼 콘텐츠,aSSIST,,,5d08e905-02c7-4144-893a-c97c71606e52,2026-09-30 03:21:55.204748+00,cbdb02af-8b53-4483-8487-1f8e27199150,대구 DM,김윤경,1
67c85f6b-8f71-449f-b8e0-035b1d125462,2027-01-04,마케팅 캡스톤 Phase 1: 과제 확정·킥오프,LAB4DX,,,5d08e905-02c7-4144-893a-c97c71606e52,2026-09-30 03:27:01.59001+00,57cffe17-5311-4d1e-b1e7-fc4098f9bd3b,대전 DM,,2
67e4f60d-b3d8-462a-a3ce-1af3bb2eddb4,2026-09-30,실전 경영 시뮬레이션(캡스톤),aSSIST,,,5d08e905-02c7-4144-893a-c97c71606e52,2026-09-30 03:21:55.204748+00,036b2b7b-4f9d-440a-b9c6-827ec2fa66a5,부산 AX2,도재헌,1
6811076c-6c98-4338-9302-9e5d16123505,2026-11-10,캡스톤 Phase 3: 최종완성·발표,LAB4DX,,,5d08e905-02c7-4144-893a-c97c71606e52,2026-09-30 03:33:01.871798+00,9c560e52-16d5-4d66-aa9c-3547721123dc,부산 AX1,,1
689fabc1-3a0c-4d37-89b1-2cff698aacc4,2026-12-02,LG전자 Value Chain 워크숍,LGE,,,5d08e905-02c7-4144-893a-c97c71606e52,2026-09-30 03:27:01.59001+00,e7a15ddb-abee-4107-b52f-5719066cc4dc,대구 AX,,2
68e9a77d-4a9f-435c-b40a-78db579214a9,2026-12-03,고객가치 체험 워크숍,LGE,,,5d08e905-02c7-4144-893a-c97c71606e52,2026-09-30 03:27:01.59001+00,f78b54cb-e709-47e0-bee7-50bc3bddce98,대구 SF,,2
6908dd2b-c28b-4d73-962a-403871779ae4,2026-09-14,나를 찾아떠나는 여행2,LGE,,,5d08e905-02c7-4144-893a-c97c71606e52,2026-09-30 03:21:55.204748+00,edd7fa6f-92dc-41a6-b9fd-e96ee63b894e,부산 SF,류희영,1
690e48a0-8742-4bfe-b7c2-065aa1fcc887,2026-12-28,제조 캡스톤 Phase 1: 과제 확정·킥오프,LAB4DX,,,5d08e905-02c7-4144-893a-c97c71606e52,2026-09-30 03:27:01.59001+00,f78b54cb-e709-47e0-bee7-50bc3bddce98,대구 SF,,2
69182545-d81a-46b0-ac22-9fc775665d27,2026-11-05,제조 캡스톤 Phase 3: 프로토타입·KPI,LAB4DX,,,5d08e905-02c7-4144-893a-c97c71606e52,2026-09-30 03:21:55.204748+00,edd7fa6f-92dc-41a6-b9fd-e96ee63b894e,부산 SF,정준수,1
69584a4d-ad66-4e26-8bed-654ab7e3777d,2026-11-05,마케팅 트랙 통합멘토링,LAB4DX,,,5d08e905-02c7-4144-893a-c97c71606e52,2026-09-30 03:21:55.204748+00,cbdb02af-8b53-4483-8487-1f8e27199150,대구 DM,,1
69e89751-e24d-4d17-9216-98e31076cafe,2026-12-07,물류·재고관리 기초,aSSIST,,,5d08e905-02c7-4144-893a-c97c71606e52,2026-09-30 03:27:01.59001+00,f78b54cb-e709-47e0-bee7-50bc3bddce98,대구 SF,민순홍,2
6a6951c1-6144-4612-b380-1815c7624eda,2026-11-05,나를 찾아떠나는 여행1,LGE,,,cb543b2e-ec13-4c0c-9322-1c01f363a7dd,2026-09-30 04:52:15.605155+00,e7a15ddb-abee-4107-b52f-5719066cc4dc,대구 AX,박경희,2
6a758e61-099f-4550-a70e-dd8d259d4e0e,2026-11-26,실전 경영 시뮬레이션(캡스톤),aSSIST,,,5d08e905-02c7-4144-893a-c97c71606e52,2026-09-30 03:27:01.59001+00,73e4600c-7386-4f2d-9d16-99a17fc4908d,대전 AX,신호상,2
6ae76bd3-039e-4d8a-81ba-111b20861a4f,2026-12-23,마케팅 캡스톤 Phase 1: 과제 확정·킥오프,LAB4DX,,,5d08e905-02c7-4144-893a-c97c71606e52,2026-09-30 03:27:01.59001+00,57cffe17-5311-4d1e-b1e7-fc4098f9bd3b,대전 DM,,2
6afdb102-856e-4490-825b-0efe9a68d6ac,2026-12-09,생산관리·구매·조달 기초,aSSIST,,,5d08e905-02c7-4144-893a-c97c71606e52,2026-09-30 03:27:01.59001+00,f78b54cb-e709-47e0-bee7-50bc3bddce98,대구 SF,박승욱,2
6b588222-bd24-490e-b149-30deb47d1f5f,2026-10-15,AX 캡스톤 Phase 1: 과제 확정·킥오프,LAB4DX,,,5d08e905-02c7-4144-893a-c97c71606e52,2026-09-30 03:21:55.204748+00,1c540de2-1320-43dc-b795-468f78eb4f1a,대구 AX,,1
6b67b25b-1813-44ab-9688-998548280f51,2026-10-26,AX 캡스톤 Phase 1: 과제 확정·킥오프,LAB4DX,,,5d08e905-02c7-4144-893a-c97c71606e52,2026-09-30 03:21:55.204748+00,9c560e52-16d5-4d66-aa9c-3547721123dc,부산 AX1,김기범,1
6bd5e268-c687-4415-bf16-acbd853362bb,2026-10-06,사무 업무 프로세스 이해 및 AX 전환,LAB4DX,,,5d08e905-02c7-4144-893a-c97c71606e52,2026-09-30 03:21:55.204748+00,036b2b7b-4f9d-440a-b9c6-827ec2fa66a5,부산 AX2,박수현,1
6c272cef-748d-4e42-83df-8e24479955b3,2026-11-18,유형별 관계전략,CLIPS,,,5d08e905-02c7-4144-893a-c97c71606e52,2026-09-30 03:27:01.59001+00,b2566702-6b24-42b0-b76b-3fcba9a7954b,부산 AX,남미진,2
6c412326-6e3f-434b-941c-5fe12a1798b5,2026-09-17,전자 산업 대전환,aSSIST,,,5d08e905-02c7-4144-893a-c97c71606e52,2026-09-30 03:21:55.204748+00,1c540de2-1320-43dc-b795-468f78eb4f1a,대구 AX,노태우,1
6cacf1a5-79ef-43df-a135-cdc1db98689c,2027-01-04,마케팅 캡스톤 Phase 1: 과제 확정·킥오프,LAB4DX,,,5d08e905-02c7-4144-893a-c97c71606e52,2026-09-30 03:27:01.59001+00,98897e91-13e0-411c-8845-ad0e7a6ff7de,부산 DM,,2
6cd73ddb-1107-4c9d-a735-148d3dff1b4f,2026-11-06,커리어 브랜딩 워크숍,LGE,,,cb543b2e-ec13-4c0c-9322-1c01f363a7dd,2026-09-30 04:52:15.605155+00,57cffe17-5311-4d1e-b1e7-fc4098f9bd3b,대전 DM,함혜지,2
6d23f320-213e-4e04-9b37-4e268812bc6a,2027-01-15,AX 캡스톤 Phase 3: 최종 완성·발표,LAB4DX,,,5d08e905-02c7-4144-893a-c97c71606e52,2026-09-30 03:27:01.59001+00,73e4600c-7386-4f2d-9d16-99a17fc4908d,대전 AX,서예람,2
6d859dff-bc57-4b94-98e6-bfcc5090be3b,2027-01-06,마케팅 캡스톤 Phase 1: 과제 확정·킥오프,LAB4DX,,,5d08e905-02c7-4144-893a-c97c71606e52,2026-09-30 03:27:01.59001+00,98897e91-13e0-411c-8845-ad0e7a6ff7de,부산 DM,,2
6da73667-579f-4c66-bcb1-acd2ed6dab06,2026-10-13,업개인 에이전트 구축 평가 및 캡스톤 준비,LAB4DX,,,5d08e905-02c7-4144-893a-c97c71606e52,2026-09-30 03:21:55.204748+00,68ab8f99-2a95-4f4d-9f1b-2ec08c5d80bf,대전 AX,김희원,1
6dc733bb-c227-40d1-b2e5-40001cab7f89,2026-11-26,직무·산업 이해,aSSIST,,,5d08e905-02c7-4144-893a-c97c71606e52,2026-09-30 03:27:01.59001+00,e7a15ddb-abee-4107-b52f-5719066cc4dc,대구 AX,김재은,2
6eb8378d-4294-42df-bb16-20ad95372a81,2026-11-03,AX 캡스톤 Phase 2: 프로토타입·KPI,LAB4DX,,,5d08e905-02c7-4144-893a-c97c71606e52,2026-09-30 03:21:55.204748+00,036b2b7b-4f9d-440a-b9c6-827ec2fa66a5,부산 AX2,이지현,1
706eb728-46d5-4703-9451-68448d5ef43b,2026-11-26,실전 경영 시뮬레이션(캡스톤),aSSIST,,,5d08e905-02c7-4144-893a-c97c71606e52,2026-09-30 03:27:01.59001+00,f78b54cb-e709-47e0-bee7-50bc3bddce98,대구 SF,도재헌,2
70f92eec-6dc2-4f78-8cf1-61f522b73031,2026-12-17,제조 데이터 흐름 (MES·ERP·PLM),aSSIST,,,5d08e905-02c7-4144-893a-c97c71606e52,2026-09-30 03:27:01.59001+00,51578d60-88f8-44a3-916a-940934f35a81,부산 SF,최정욱,2
70feebd3-372a-49d1-9960-ff0a5a3979e6,2027-01-01,신정,,,,5d08e905-02c7-4144-893a-c97c71606e52,2026-09-30 03:27:01.59001+00,e7a15ddb-abee-4107-b52f-5719066cc4dc,대구 AX,,2
718ed9c5-2bb9-474c-892c-e20bdeab51df,2026-10-27,AX 캡스톤 Phase 2: 프로토타입·KPI,LAB4DX,,,5d08e905-02c7-4144-893a-c97c71606e52,2026-09-30 03:21:55.204748+00,68ab8f99-2a95-4f4d-9f1b-2ec08c5d80bf,대전 AX,서예람,1
71b7ac6a-a42c-416d-9319-68576cdbefdd,2027-01-12,마케팅 캡스톤 Phase 2: 프로토타입·KPI,LAB4DX,,,5d08e905-02c7-4144-893a-c97c71606e52,2026-09-30 03:27:01.59001+00,57cffe17-5311-4d1e-b1e7-fc4098f9bd3b,대전 DM,,2
71bf15c1-1ed6-445f-b42c-fc911e6d309e,2026-11-19,AI Working Skill 응용,LAB4DX,,,5d08e905-02c7-4144-893a-c97c71606e52,2026-09-30 03:27:01.59001+00,e7a15ddb-abee-4107-b52f-5719066cc4dc,대구 AX,김나영,2
71cda2fa-a7ff-4266-a4f7-e87d10dd9cec,2026-11-24,7-STEP 문제해결 프레임워크,CLIPS,,,5d08e905-02c7-4144-893a-c97c71606e52,2026-09-30 03:27:01.59001+00,51578d60-88f8-44a3-916a-940934f35a81,부산 SF,김보성,2
726651c1-bff2-4916-ad28-5c9005d6bfb5,2026-12-22,콘텐츠 마케팅 브랜드,aSSIST,,,5d08e905-02c7-4144-893a-c97c71606e52,2026-09-30 03:27:01.59001+00,57cffe17-5311-4d1e-b1e7-fc4098f9bd3b,대전 DM,김종혁,2
728c47b7-eb49-4149-aa21-87a6fab92803,2026-10-02,제조 성과지표(KPI)·대시보드,aSSIST,,,5d08e905-02c7-4144-893a-c97c71606e52,2026-09-30 03:21:55.204748+00,b8fde554-6775-44ef-bc2a-74ff079e0ba2,대전 SF,최정욱,1
737b948b-4757-44b6-bf6a-281183dfe033,2026-10-07,제조 데이터 흐름 (MES·ERP·PLM),aSSIST,,,5d08e905-02c7-4144-893a-c97c71606e52,2026-09-30 03:21:55.204748+00,edd7fa6f-92dc-41a6-b9fd-e96ee63b894e,부산 SF,김화종,1
73d1e83a-1788-415c-83cf-e0503a99c9ac,2026-10-29,AX 캡스톤 Phase 2: 프로토타입·KPI,LAB4DX,,,5d08e905-02c7-4144-893a-c97c71606e52,2026-09-30 03:21:55.204748+00,036b2b7b-4f9d-440a-b9c6-827ec2fa66a5,부산 AX2,이지현,1
7477a66d-db3b-4eaf-ac88-9362db228067,2026-12-02,LG전자 Value Chain 워크숍,LGE,,,5d08e905-02c7-4144-893a-c97c71606e52,2026-09-30 03:27:01.59001+00,73e4600c-7386-4f2d-9d16-99a17fc4908d,대전 AX,,2
7713d86c-b1b0-4829-bb11-0fef597211d9,2027-01-13,마케팅 캡스톤 Phase 3: 최종 완성·발표,LAB4DX,,,5d08e905-02c7-4144-893a-c97c71606e52,2026-09-30 03:27:01.59001+00,57cffe17-5311-4d1e-b1e7-fc4098f9bd3b,대전 DM,,2
7721338c-4eda-4b87-9159-5d0a0bc40ca8,2026-11-11,트랙 최종 발표(통합멘토링),LAB4DX,,,5d08e905-02c7-4144-893a-c97c71606e52,2026-09-30 03:33:01.871798+00,edf8f06d-393d-4a19-947a-f867a6e88f56,부산 DM,,1
77e931ca-055f-40f1-bf3a-e10db23f38b1,2026-10-26,AX 캡스톤 Phase 1: 과제 확정·킥오프,LAB4DX,,,5d08e905-02c7-4144-893a-c97c71606e52,2026-09-30 03:21:55.204748+00,036b2b7b-4f9d-440a-b9c6-827ec2fa66a5,부산 AX2,이지현,1
786469b7-9a53-4379-a0b8-b696ff240e7c,2026-11-17,7-STEP 문제해결 프레임워크,CLIPS,,,5d08e905-02c7-4144-893a-c97c71606e52,2026-09-30 03:27:01.59001+00,e7a15ddb-abee-4107-b52f-5719066cc4dc,대구 AX,윤재호,2
78a12634-59a3-4d53-a2c5-d76da34818a7,2027-01-11,제조 캡스톤 Phase 1: 과제 확정·킥오프,LAB4DX,,,5d08e905-02c7-4144-893a-c97c71606e52,2026-09-30 03:27:01.59001+00,51578d60-88f8-44a3-916a-940934f35a81,부산 SF,,2
78f73d04-953c-4083-9a10-a1d0d0a5c5a4,2026-09-29,데이터 전처리 및 탐색적 데이터 분석,LAB4DX,,,5d08e905-02c7-4144-893a-c97c71606e52,2026-09-30 03:21:55.204748+00,68ab8f99-2a95-4f4d-9f1b-2ec08c5d80bf,대전 AX,김희원,1
7944fbc0-3b9a-42e7-8abe-d600b01c0b5d,2026-12-07,사무 업무 프로세스 이해 및 AX 전환,LAB4DX,,,5d08e905-02c7-4144-893a-c97c71606e52,2026-09-30 03:27:01.59001+00,e7a15ddb-abee-4107-b52f-5719066cc4dc,대구 AX,,2
7959caec-8e02-497f-b4e9-85045e9b0994,2026-10-20,AX 캡스톤 Phase 1: 과제 확정·킥오프,LAB4DX,,,5d08e905-02c7-4144-893a-c97c71606e52,2026-09-30 03:21:55.204748+00,68ab8f99-2a95-4f4d-9f1b-2ec08c5d80bf,대전 AX,서예람,1
797b6e0d-4c3e-4eb9-a6d9-c9baf0007cd8,2026-12-10,고객가치 체험 워크숍,LGE,,,5d08e905-02c7-4144-893a-c97c71606e52,2026-09-30 03:27:01.59001+00,b2566702-6b24-42b0-b76b-3fcba9a7954b,부산 AX,,2
79cf112e-0b3d-4c62-a871-c17229fc11d4,2026-10-29,AX 캡스톤 Phase 2: 프로토타입·KPI,LAB4DX,,,5d08e905-02c7-4144-893a-c97c71606e52,2026-09-30 03:21:55.204748+00,1c540de2-1320-43dc-b795-468f78eb4f1a,대구 AX,,1
7a0aa5cd-221b-4310-8249-1ef9b0937d3e,2027-01-11,마케팅 캡스톤 Phase 1: 과제 확정·킥오프,LAB4DX,,,5d08e905-02c7-4144-893a-c97c71606e52,2026-09-30 03:27:01.59001+00,98897e91-13e0-411c-8845-ad0e7a6ff7de,부산 DM,,2
7a1a8194-124b-4d40-85e7-57873c5c7548,2026-12-18,AI 기반 업무 표준화,aSSIST,,,5d08e905-02c7-4144-893a-c97c71606e52,2026-09-30 03:27:01.59001+00,f78b54cb-e709-47e0-bee7-50bc3bddce98,대구 SF,김성민,2
7a3d1a81-470c-4a8f-8a99-5ef8eb21d858,2026-10-20,업무 AX 혁신 기회 탐색·과제 정의,LAB4DX,,,5d08e905-02c7-4144-893a-c97c71606e52,2026-09-30 03:21:55.204748+00,036b2b7b-4f9d-440a-b9c6-827ec2fa66a5,부산 AX2,박수현,1
7b1befc5-0309-4811-801d-b6e290b952df,2026-12-04,제조현장/고객 접점·매장 운영 체험,LGE,,,5d08e905-02c7-4144-893a-c97c71606e52,2026-09-30 03:27:01.59001+00,e7a15ddb-abee-4107-b52f-5719066cc4dc,대구 AX,,2
7b4cb779-e84e-46a9-b4b1-915b79c2f208,2026-11-04,강점기반 셀프리더십,CLIPS,,,5d08e905-02c7-4144-893a-c97c71606e52,2026-09-30 03:27:01.59001+00,57cffe17-5311-4d1e-b1e7-fc4098f9bd3b,대전 DM,백주은,2
7c485dde-08b6-4dc0-8ddf-4cafb076bd44,2026-12-30,광고 캠페인 구조 이해,aSSIST,,,5d08e905-02c7-4144-893a-c97c71606e52,2026-09-30 03:27:01.59001+00,98897e91-13e0-411c-8845-ad0e7a6ff7de,부산 DM,송태호,2
7c9f86e0-42d8-4918-945d-37e2c6c521d8,2027-01-05,AX 캡스톤 Phase 2: 프로토타입·KPI,LAB4DX,,,5d08e905-02c7-4144-893a-c97c71606e52,2026-09-30 03:27:01.59001+00,e7a15ddb-abee-4107-b52f-5719066cc4dc,대구 AX,,2
7cd4fe62-187a-427f-ba7e-43b04ad82839,2026-10-15,광고 캠페인 구조 이해,aSSIST,,,5d08e905-02c7-4144-893a-c97c71606e52,2026-09-30 03:21:55.204748+00,edf8f06d-393d-4a19-947a-f867a6e88f56,부산 DM,송태호,1
7d4ddd6c-e40d-4fb5-a0d3-c741002078f6,2026-09-15,혁신적 사고 워크숍,CLIPS,,,5d08e905-02c7-4144-893a-c97c71606e52,2026-09-30 03:21:55.204748+00,b8fde554-6775-44ef-bc2a-74ff079e0ba2,대전 SF,박유진,1
7d51a728-2242-45e8-91aa-141d6da56920,2026-09-16,LG전자 Value Chain 워크숍,LGE,,,5d08e905-02c7-4144-893a-c97c71606e52,2026-09-30 03:21:55.204748+00,edd7fa6f-92dc-41a6-b9fd-e96ee63b894e,부산 SF,신예진,1
7da2f86d-64ac-4dd2-9190-a11abe17bee2,2026-09-18,제조현장/고객 접점·매장 운영 체험,LGE,,,5d08e905-02c7-4144-893a-c97c71606e52,2026-09-30 03:21:55.204748+00,9c560e52-16d5-4d66-aa9c-3547721123dc,부산 AX1,홍정화,1
7dab7f00-eea3-4a6d-9952-ee8cf211cb5f,2027-01-08,마케팅 캡스톤 Phase 2: 프로토타입·KPI,LAB4DX,,,5d08e905-02c7-4144-893a-c97c71606e52,2026-09-30 03:27:01.59001+00,57cffe17-5311-4d1e-b1e7-fc4098f9bd3b,대전 DM,,2
7e014c64-5e23-4a95-b8c8-46d0bfab6f98,2026-12-22,업무 AX 혁신 기회 탐색·과제 정의,LAB4DX,,,5d08e905-02c7-4144-893a-c97c71606e52,2026-09-30 03:27:01.59001+00,e7a15ddb-abee-4107-b52f-5719066cc4dc,대구 AX,,2
7e59aac9-df6d-4d28-aa8b-1932b20912a3,2026-11-13,커리어 브랜딩 워크숍,LGE,,,5d08e905-02c7-4144-893a-c97c71606e52,2026-09-30 03:27:01.59001+00,98897e91-13e0-411c-8845-ad0e7a6ff7de,부산 DM,,2
7ed02043-e256-4fb3-93ac-e558c5e96737,2026-12-11,제조현장/고객 접점·매장 운영 체험,LGE,,,5d08e905-02c7-4144-893a-c97c71606e52,2026-09-30 03:27:01.59001+00,b2566702-6b24-42b0-b76b-3fcba9a7954b,부산 AX,,2
7f1d104f-a7ac-4ee9-a031-b3724fdb0ead,2026-09-29,사무 업무 프로세스 이해 및 AX 전환,LAB4DX,,,5d08e905-02c7-4144-893a-c97c71606e52,2026-09-30 03:21:55.204748+00,1c540de2-1320-43dc-b795-468f78eb4f1a,대구 AX,박수현,1
7f3c803c-ff00-4992-8548-8da69e3db479,2026-12-30,Operation 미니 케이스,aSSIST,,,5d08e905-02c7-4144-893a-c97c71606e52,2026-09-30 03:27:01.59001+00,51578d60-88f8-44a3-916a-940934f35a81,부산 SF,신영철,2
7f45a74d-d7e9-4040-b3de-d060cb50955d,2026-11-03,AX 캡스톤 Phase 2: 프로토타입·KPI,LAB4DX,,,5d08e905-02c7-4144-893a-c97c71606e52,2026-09-30 03:21:55.204748+00,9c560e52-16d5-4d66-aa9c-3547721123dc,부산 AX1,김기범,1
7fb42496-dd10-488a-b149-18842be49c3a,2026-11-05,나를 찾아떠나는 여행1,LGE,,,cb543b2e-ec13-4c0c-9322-1c01f363a7dd,2026-09-30 04:52:15.605155+00,57cffe17-5311-4d1e-b1e7-fc4098f9bd3b,대전 DM,임고운,2
7fb81374-281b-4e98-92a1-5a1e00acd30d,2026-11-04,마케팅 캡스톤 Phase 3: 최종 완성·발표,LAB4DX,,,5d08e905-02c7-4144-893a-c97c71606e52,2026-09-30 03:21:55.204748+00,cbdb02af-8b53-4483-8487-1f8e27199150,대구 DM,,1
7fecee94-afbc-4f77-b267-c5c3ffe5e4da,2026-12-04,제조현장/고객 접점·매장 운영 체험,LGE,,,5d08e905-02c7-4144-893a-c97c71606e52,2026-09-30 03:27:01.59001+00,57cffe17-5311-4d1e-b1e7-fc4098f9bd3b,대전 DM,,2
7ff0d4f7-0733-49a6-b356-6c5f0f0a6a52,2026-11-25,생성형 AI 업무활용 기본,LAB4DX,,,5d08e905-02c7-4144-893a-c97c71606e52,2026-09-30 03:27:01.59001+00,b2566702-6b24-42b0-b76b-3fcba9a7954b,부산 AX,오성호,2
802311bb-eede-4754-bee6-1669c60d2bef,2027-01-01,신정,,,,5d08e905-02c7-4144-893a-c97c71606e52,2026-09-30 03:27:01.59001+00,57cffe17-5311-4d1e-b1e7-fc4098f9bd3b,대전 DM,,2
80470dae-5eda-44ba-9f80-c2a0172c02da,2026-10-29,마케팅 캡스톤 Phase 2: 프로토타입·KPI,LAB4DX,,,5d08e905-02c7-4144-893a-c97c71606e52,2026-09-30 03:21:55.204748+00,cbdb02af-8b53-4483-8487-1f8e27199150,대구 DM,,1
80c801a6-373e-4fe9-aa82-09d49ace0bc5,2026-10-22,AX 캡스톤 Phase 1: 과제 확정·킥오프,LAB4DX,,,5d08e905-02c7-4144-893a-c97c71606e52,2026-09-30 03:21:55.204748+00,036b2b7b-4f9d-440a-b9c6-827ec2fa66a5,부산 AX2,이지현,1
811b268f-cceb-43ad-9d37-b32dde9b64e1,2026-09-17,고객가치 체험 워크숍,LGE,,,5d08e905-02c7-4144-893a-c97c71606e52,2026-09-30 03:21:55.204748+00,edf8f06d-393d-4a19-947a-f867a6e88f56,부산 DM,나종훈,1
81255583-f302-41f4-a58a-a19aa851c8ff,2026-11-12,LG 코칭 리더십,LGE,,,5d08e905-02c7-4144-893a-c97c71606e52,2026-09-30 03:27:01.59001+00,f78b54cb-e709-47e0-bee7-50bc3bddce98,대구 SF,,2
8138c630-b098-435f-9f87-a2cb2bbb1092,2027-01-19,제조 캡스톤 Phase 2: 프로토타입·KPI,LAB4DX,,,5d08e905-02c7-4144-893a-c97c71606e52,2026-09-30 03:27:01.59001+00,51578d60-88f8-44a3-916a-940934f35a81,부산 SF,,2
8224eeb9-5dbd-496e-a4a1-7353a5eb9071,2026-12-31,연말 휴강,,,,5d08e905-02c7-4144-893a-c97c71606e52,2026-09-30 03:27:01.59001+00,b2566702-6b24-42b0-b76b-3fcba9a7954b,부산 AX,,2
8262c6eb-5954-48b0-8c95-ce27ba6ccd64,2026-10-27,마케팅 캡스톤 Phase 1: 과제 확정·킥오프,LAB4DX,,,5d08e905-02c7-4144-893a-c97c71606e52,2026-09-30 03:21:55.204748+00,edf8f06d-393d-4a19-947a-f867a6e88f56,부산 DM,박윤하,1
828f7a51-86b1-4db4-a331-3d52e5049b92,2026-10-21,AX 캡스톤 Phase 1: 과제 확정·킥오프,LAB4DX,,,5d08e905-02c7-4144-893a-c97c71606e52,2026-09-30 03:21:55.204748+00,036b2b7b-4f9d-440a-b9c6-827ec2fa66a5,부산 AX2,이지현,1
828fb54a-52a1-471c-9d2a-195ae619f0de,2026-10-27,제조 캡스톤 Phase 2: 프로토타입·KPI,aSSIST,,,5d08e905-02c7-4144-893a-c97c71606e52,2026-09-30 03:21:55.204748+00,b8fde554-6775-44ef-bc2a-74ff079e0ba2,대전 SF,김명수,1
82adc3b2-6c7d-4c16-8b4b-c02c2a75fa0f,2026-10-20,마케팅 캡스톤 Phase 1: 과제 확정·킥오프,LAB4DX,,,5d08e905-02c7-4144-893a-c97c71606e52,2026-09-30 03:21:55.204748+00,cbdb02af-8b53-4483-8487-1f8e27199150,대구 DM,,1
83647144-7898-45d3-bde6-6a326c84c56b,2027-01-18,제조 캡스톤 Phase 2: 프로토타입·KPI,LAB4DX,,,5d08e905-02c7-4144-893a-c97c71606e52,2026-09-30 03:27:01.59001+00,51578d60-88f8-44a3-916a-940934f35a81,부산 SF,,2
841a2e79-b867-426f-9b76-b41b8664b062,2027-01-07,제조 캡스톤 Phase 1: 과제 확정·킥오프,LAB4DX,,,5d08e905-02c7-4144-893a-c97c71606e52,2026-09-30 03:27:01.59001+00,51578d60-88f8-44a3-916a-940934f35a81,부산 SF,,2
84c99bd4-00b0-44e3-8184-2a4ca01246eb,2026-12-23,스마트팩토리 공장 설계,aSSIST,,,5d08e905-02c7-4144-893a-c97c71606e52,2026-09-30 03:27:01.59001+00,51578d60-88f8-44a3-916a-940934f35a81,부산 SF,정준수,2
8542ef55-f764-452d-bda2-2ecc93eca747,2026-09-29,전자 산업 대전환,aSSIST,,,5d08e905-02c7-4144-893a-c97c71606e52,2026-09-30 03:21:55.204748+00,edf8f06d-393d-4a19-947a-f867a6e88f56,부산 DM,노태우,1
85fcf818-4747-46c6-836f-3d859dc279a6,2027-01-15,AX 캡스톤 Phase 2: 프로토타입·KPI,LAB4DX,,,5d08e905-02c7-4144-893a-c97c71606e52,2026-09-30 03:27:01.59001+00,b2566702-6b24-42b0-b76b-3fcba9a7954b,부산 AX,오성호,2
860a8842-456f-4591-b123-3c6ed2518ea1,2026-12-01,면접 스킬업/포트폴리오,CLIPS,,,5d08e905-02c7-4144-893a-c97c71606e52,2026-09-30 03:27:01.59001+00,57cffe17-5311-4d1e-b1e7-fc4098f9bd3b,대전 DM,김경아,2
862bd06a-57f3-411a-9471-93d6cced6109,2026-11-11,비즈 커뮤니케이션,CLIPS,,,5d08e905-02c7-4144-893a-c97c71606e52,2026-09-30 03:27:01.59001+00,57cffe17-5311-4d1e-b1e7-fc4098f9bd3b,대전 DM,남미현,2
86366535-96eb-4265-9303-08c6fdfdb229,2026-12-07,사무 업무 프로세스 이해 및 AX 전환,LAB4DX,,,5d08e905-02c7-4144-893a-c97c71606e52,2026-09-30 03:27:01.59001+00,73e4600c-7386-4f2d-9d16-99a17fc4908d,대전 AX,서예람,2
86667d16-761e-48e4-8a7b-80e6718ad5ad,2027-01-07,제조 캡스톤 Phase 2: 프로토타입·KPI,LAB4DX,,,5d08e905-02c7-4144-893a-c97c71606e52,2026-09-30 03:27:01.59001+00,f78b54cb-e709-47e0-bee7-50bc3bddce98,대구 SF,,2
86d50497-5e05-442b-8ac0-ee0f6fc239c4,2026-09-16,LG전자 Value Chain 워크숍,LGE,,,5d08e905-02c7-4144-893a-c97c71606e52,2026-09-30 03:21:55.204748+00,9c560e52-16d5-4d66-aa9c-3547721123dc,부산 AX1,최태혁,1
8781fa19-2f36-4ea9-95bf-d7f0ac66afd4,2026-11-11,조직 협업 원리,CLIPS,,,5d08e905-02c7-4144-893a-c97c71606e52,2026-09-30 03:27:01.59001+00,73e4600c-7386-4f2d-9d16-99a17fc4908d,대전 AX,김혜인,2
87a44ca2-141c-4870-95a1-7a656b40da6f,2026-11-10,자기이해 진단 워크숍,LGE,,,5d08e905-02c7-4144-893a-c97c71606e52,2026-09-30 03:27:01.59001+00,b2566702-6b24-42b0-b76b-3fcba9a7954b,부산 AX,,2
884f9180-dbc1-4e09-b51b-de7034005b88,2026-12-17,디지털 마케팅 직무탐색,aSSIST,,,5d08e905-02c7-4144-893a-c97c71606e52,2026-09-30 03:27:01.59001+00,98897e91-13e0-411c-8845-ad0e7a6ff7de,부산 DM,송태호,2
888fa377-ae07-48e6-aee6-41c93a878528,2026-09-16,인바스켓 문제해결,CLIPS,,,5d08e905-02c7-4144-893a-c97c71606e52,2026-09-30 03:21:55.204748+00,b8fde554-6775-44ef-bc2a-74ff079e0ba2,대전 SF,김명식,1
88a51dbd-6516-476f-90b6-507cd869a3a8,2026-11-10,자기이해 진단 워크숍,LGE,,,5d08e905-02c7-4144-893a-c97c71606e52,2026-09-30 03:27:01.59001+00,51578d60-88f8-44a3-916a-940934f35a81,부산 SF,,2
89687674-e0cf-465e-93e1-5e6c2affc604,2026-10-12,업무 데이터 파악 및 문제 정의,LAB4DX,,,5d08e905-02c7-4144-893a-c97c71606e52,2026-09-30 03:21:55.204748+00,9c560e52-16d5-4d66-aa9c-3547721123dc,부산 AX1,강태우,1
899998fb-ed58-40fd-8673-9c1f5c22385e,2026-11-11,비즈 커뮤니케이션,CLIPS,,,5d08e905-02c7-4144-893a-c97c71606e52,2026-09-30 03:27:01.59001+00,f78b54cb-e709-47e0-bee7-50bc3bddce98,대구 SF,박혜원,2
89d62831-6f91-4cb9-a077-3e9be633e510,2026-10-16,제조 캡스톤 Phase 1: 과제 확정·킥오프,aSSIST,,,5d08e905-02c7-4144-893a-c97c71606e52,2026-09-30 03:21:55.204748+00,b8fde554-6775-44ef-bc2a-74ff079e0ba2,대전 SF,김명수,1
8b89f638-c964-4f55-a312-f779bef28adc,2026-10-12,마케팅 데이터 리터러시,aSSIST,,,5d08e905-02c7-4144-893a-c97c71606e52,2026-09-30 03:21:55.204748+00,edf8f06d-393d-4a19-947a-f867a6e88f56,부산 DM,송태호,1
8bc9ab4c-df08-4ccf-ae7a-225a17db6320,2026-11-06,캡스톤 Phase 3: 최종완성·발표,LAB4DX,,,5d08e905-02c7-4144-893a-c97c71606e52,2026-09-30 03:21:55.204748+00,edd7fa6f-92dc-41a6-b9fd-e96ee63b894e,부산 SF,정준수,1
8bf8bfb1-8c40-4f1a-99aa-e2777593067c,2026-10-07,Operation 미니 케이스,aSSIST,,,5d08e905-02c7-4144-893a-c97c71606e52,2026-09-30 03:21:55.204748+00,b8fde554-6775-44ef-bc2a-74ff079e0ba2,대전 SF,신영철,1
8c155362-a0c5-4409-a8b2-a8e2b381d593,2026-11-12,나를 찾아떠나는 여행,LGE,,,5d08e905-02c7-4144-893a-c97c71606e52,2026-09-30 03:27:01.59001+00,b2566702-6b24-42b0-b76b-3fcba9a7954b,부산 AX,,2
8d2e81f0-1d59-4bef-ab36-b59dd25fb3b3,2027-01-22,제조 캡스톤 Phase 3: 최종 완성·발표,LAB4DX,,,5d08e905-02c7-4144-893a-c97c71606e52,2026-09-30 03:27:01.59001+00,51578d60-88f8-44a3-916a-940934f35a81,부산 SF,,2
8dbf7195-3b73-430b-80f0-faab3babef0e,2026-11-24,워크 스마트 스킬,CLIPS,,,5d08e905-02c7-4144-893a-c97c71606e52,2026-09-30 03:27:01.59001+00,98897e91-13e0-411c-8845-ad0e7a6ff7de,부산 DM,이효연,2
8e0f8fcf-0228-42ce-bb3e-7b2added6f7c,2026-10-23,AX 캡스톤 Phase 1: 과제 확정·킥오프,LAB4DX,,,5d08e905-02c7-4144-893a-c97c71606e52,2026-09-30 03:21:55.204748+00,9c560e52-16d5-4d66-aa9c-3547721123dc,부산 AX1,김기범,1
8e604aae-b834-4f57-88b4-11fc49d4ace6,2026-11-03,AX 캡스톤 Phase 3: 최종 완성·발표,LAB4DX,,,5d08e905-02c7-4144-893a-c97c71606e52,2026-09-30 03:21:55.204748+00,1c540de2-1320-43dc-b795-468f78eb4f1a,대구 AX,,1
8e8989b6-0a93-4c49-9e58-8e1b9e8689d2,2026-10-14,콘텐츠 마케팅·브랜드,aSSIST,,,5d08e905-02c7-4144-893a-c97c71606e52,2026-09-30 03:21:55.204748+00,cbdb02af-8b53-4483-8487-1f8e27199150,대구 DM,김종혁,1
8ed9e5ae-e090-442a-862f-670933b67cd7,2026-11-04,강점기반 셀프리더십,CLIPS,,,5d08e905-02c7-4144-893a-c97c71606e52,2026-09-30 03:27:01.59001+00,e7a15ddb-abee-4107-b52f-5719066cc4dc,대구 AX,지미옥,2
8ee3403b-3aba-472e-87cb-9b7c3f77edbb,2027-01-21,마케팅 캡스톤 Phase 3: 최종 완성·발표,LAB4DX,,,5d08e905-02c7-4144-893a-c97c71606e52,2026-09-30 03:27:01.59001+00,98897e91-13e0-411c-8845-ad0e7a6ff7de,부산 DM,,2
8f1c5352-49d6-455d-8dc6-6fa4412d40bf,2026-12-29,AX 캡스톤 Phase 1: 과제 확정·킥오프,LAB4DX,,,5d08e905-02c7-4144-893a-c97c71606e52,2026-09-30 03:27:01.59001+00,e7a15ddb-abee-4107-b52f-5719066cc4dc,대구 AX,,2
8f685158-b607-4202-abe4-00865ff0837f,2026-12-25,성탄절,,,,5d08e905-02c7-4144-893a-c97c71606e52,2026-09-30 03:27:01.59001+00,57cffe17-5311-4d1e-b1e7-fc4098f9bd3b,대전 DM,,2
8f7709d4-8b57-4849-80d8-83c4393da595,2026-10-14,업무 AX 혁신 기회 탐색·과제 정의,LAB4DX,,,5d08e905-02c7-4144-893a-c97c71606e52,2026-09-30 03:21:55.204748+00,1c540de2-1320-43dc-b795-468f78eb4f1a,대구 AX,김나영,1
8fe42096-4fbc-46aa-a428-2e145259977f,2026-09-16,혁신적 사고 워크숍,CLIPS,,,5d08e905-02c7-4144-893a-c97c71606e52,2026-09-30 03:21:55.204748+00,68ab8f99-2a95-4f4d-9f1b-2ec08c5d80bf,대전 AX,박유진,1
902267c2-2302-4737-acf3-de01dca65771,2026-10-22,제조 캡스톤 Phase 1: 과제 확정·킥오프,aSSIST,,,5d08e905-02c7-4144-893a-c97c71606e52,2026-09-30 03:21:55.204748+00,b8fde554-6775-44ef-bc2a-74ff079e0ba2,대전 SF,김명수,1
905f0cdd-ec18-4a34-959a-2bf2fe6ade72,2026-09-22,Value Chain으로 보는 마케팅 직무,aSSIST,,,5d08e905-02c7-4144-893a-c97c71606e52,2026-09-30 03:21:55.204748+00,cbdb02af-8b53-4483-8487-1f8e27199150,대구 DM,김지연,1
909291dc-d956-4d60-9b59-cb7c37dc0724,2027-01-22,AX 캡스톤 Phase 3: 최종 완성·발표,LAB4DX,,,5d08e905-02c7-4144-893a-c97c71606e52,2026-09-30 03:27:01.59001+00,b2566702-6b24-42b0-b76b-3fcba9a7954b,부산 AX,오성호,2
90c4fb18-7162-4a67-adab-9d21d5cb1eec,2027-01-13,마케팅 캡스톤 Phase 2: 프로토타입·KPI,LAB4DX,,,5d08e905-02c7-4144-893a-c97c71606e52,2026-09-30 03:27:01.59001+00,98897e91-13e0-411c-8845-ad0e7a6ff7de,부산 DM,,2
92fb8525-c526-468f-9d47-876e36f22204,2026-12-21,업무 AX 혁신 기회 탐색·과제 정의,LAB4DX,,,5d08e905-02c7-4144-893a-c97c71606e52,2026-09-30 03:27:01.59001+00,73e4600c-7386-4f2d-9d16-99a17fc4908d,대전 AX,서예람,2
9385f5e1-08f5-48ac-afb2-cabc8961371e,2026-10-28,AX 캡스톤 Phase 2: 과제 확정·킥오프,LAB4DX,,,5d08e905-02c7-4144-893a-c97c71606e52,2026-09-30 03:21:55.204748+00,036b2b7b-4f9d-440a-b9c6-827ec2fa66a5,부산 AX2,이지현,1
953c8664-7e26-449d-9ac7-72e022e708d5,2026-10-23,마케팅 캡스톤 Phase 1: 과제 확정·킥오프,LAB4DX,,,5d08e905-02c7-4144-893a-c97c71606e52,2026-09-30 03:21:55.204748+00,edf8f06d-393d-4a19-947a-f867a6e88f56,부산 DM,박윤하,1
95aa4baa-b253-4e09-9600-8ef68b64ba06,2027-01-11,AX 캡스톤 Phase 2: 프로토타입·KPI,LAB4DX,,,5d08e905-02c7-4144-893a-c97c71606e52,2026-09-30 03:27:01.59001+00,73e4600c-7386-4f2d-9d16-99a17fc4908d,대전 AX,서예람,2
976086a5-381d-4c78-b331-627ce8449ba3,2026-10-06,제조 데이터 흐름 (MES·ERP·PLM),aSSIST,,,5d08e905-02c7-4144-893a-c97c71606e52,2026-09-30 03:21:55.204748+00,edd7fa6f-92dc-41a6-b9fd-e96ee63b894e,부산 SF,최정욱,1
98517588-a56e-4f99-ba77-856535a024f0,2026-12-09,LG전자 Value Chain 워크숍,LGE,,,5d08e905-02c7-4144-893a-c97c71606e52,2026-09-30 03:27:01.59001+00,b2566702-6b24-42b0-b76b-3fcba9a7954b,부산 AX,,2
985741ee-3c71-4c46-b33d-cfa72e848d75,2027-01-12,제조 캡스톤 Phase 2: 프로토타입·KPI,LAB4DX,,,5d08e905-02c7-4144-893a-c97c71606e52,2026-09-30 03:27:01.59001+00,51578d60-88f8-44a3-916a-940934f35a81,부산 SF,,2
98be11bd-b9b8-42e7-af53-97bd939f668e,2026-12-23,AX 캡스톤 Phase 1: 과제 확정·킥오프,LAB4DX,,,5d08e905-02c7-4144-893a-c97c71606e52,2026-09-30 03:27:01.59001+00,73e4600c-7386-4f2d-9d16-99a17fc4908d,대전 AX,서예람,2
98ccc1fb-68c8-456a-97fa-c18101059423,2026-09-22,혁신적 사고 워크숍,CLIPS,,,5d08e905-02c7-4144-893a-c97c71606e52,2026-09-30 03:21:55.204748+00,036b2b7b-4f9d-440a-b9c6-827ec2fa66a5,부산 AX2,박유진,1
98d6f250-6228-4b1d-9e97-eda1fd1f1d93,2026-11-13,커리어 그룹 코칭,LGE,,,5d08e905-02c7-4144-893a-c97c71606e52,2026-09-30 03:27:01.59001+00,e7a15ddb-abee-4107-b52f-5719066cc4dc,대구 AX,,2
9ac586dc-b4a6-4a7b-b2fe-4535e1589dc2,2026-11-05,제조 트랙 통합멘토링,aSSIST,,,5d08e905-02c7-4144-893a-c97c71606e52,2026-09-30 03:21:55.204748+00,b8fde554-6775-44ef-bc2a-74ff079e0ba2,대전 SF,김명수,1
9ad3c847-3f0b-4a0b-a0c5-ca35a4919870,2026-11-26,AI Working Skill 응용,LAB4DX,,,5d08e905-02c7-4144-893a-c97c71606e52,2026-09-30 03:27:01.59001+00,98897e91-13e0-411c-8845-ad0e7a6ff7de,부산 DM,조현아,2
9d11a5d5-f3ed-47b9-bc3d-b598c559e0c4,2026-10-08,CRM과 고객 유지,aSSIST,,,5d08e905-02c7-4144-893a-c97c71606e52,2026-09-30 03:21:55.204748+00,cbdb02af-8b53-4483-8487-1f8e27199150,대구 DM,김종혁,1
9d3006e1-b64a-498a-9729-1406928d10a2,2026-11-24,혁신적 사고 워크숍,CLIPS,,,5d08e905-02c7-4144-893a-c97c71606e52,2026-09-30 03:27:01.59001+00,73e4600c-7386-4f2d-9d16-99a17fc4908d,대전 AX,김상영,2
9d64824c-4f49-417c-aa56-76b9c7a4e0e9,2026-11-13,커리어 브랜딩 워크숍,LGE,,,5d08e905-02c7-4144-893a-c97c71606e52,2026-09-30 03:27:01.59001+00,51578d60-88f8-44a3-916a-940934f35a81,부산 SF,,2
9d6e9d3a-026b-4bf5-b56a-0e188658e013,2026-09-21,인바스켓 문제해결,CLIPS,,,5d08e905-02c7-4144-893a-c97c71606e52,2026-09-30 03:21:55.204748+00,036b2b7b-4f9d-440a-b9c6-827ec2fa66a5,부산 AX2,심현수,1
9d788fa0-f46c-4671-a9ac-c50dd077a06e,2026-11-11,강점기반 셀프리더십,CLIPS,,,5d08e905-02c7-4144-893a-c97c71606e52,2026-09-30 03:27:01.59001+00,51578d60-88f8-44a3-916a-940934f35a81,부산 SF,나은숙,2
9e24d1a2-4e64-487d-99f1-424a740b5559,2026-10-12,"LG리커머스 공통과제 구현, 검증, 발표",LAB4DX,,,5d08e905-02c7-4144-893a-c97c71606e52,2026-09-30 03:21:55.204748+00,68ab8f99-2a95-4f4d-9f1b-2ec08c5d80bf,대전 AX,김희원,1
9e8ac992-a0a1-4a77-b57f-84fcc94837c3,2026-10-29,AX 캡스톤 Phase 2: 프로토타입·KPI,LAB4DX,,,5d08e905-02c7-4144-893a-c97c71606e52,2026-09-30 03:21:55.204748+00,68ab8f99-2a95-4f4d-9f1b-2ec08c5d80bf,대전 AX,서예람,1
9f686063-8dd1-4270-b179-855494a5ad18,2026-11-24,인바스켓 문제해결,CLIPS,,,5d08e905-02c7-4144-893a-c97c71606e52,2026-09-30 03:27:01.59001+00,57cffe17-5311-4d1e-b1e7-fc4098f9bd3b,대전 DM,김명식,2
9fcaa884-7766-4e33-8e5b-143d5e40663c,2026-10-02,데이터 기반 마케팅 기획 실습,aSSIST,,,5d08e905-02c7-4144-893a-c97c71606e52,2026-09-30 03:21:55.204748+00,cbdb02af-8b53-4483-8487-1f8e27199150,대구 DM,김윤경,1
a0b70efc-00e3-4612-8782-54de56f0111d,2026-11-03,마케팅 캡스톤 Phase 2: 프로토타입·KPI,LAB4DX,,,5d08e905-02c7-4144-893a-c97c71606e52,2026-09-30 03:21:55.204748+00,edf8f06d-393d-4a19-947a-f867a6e88f56,부산 DM,박윤하,1
a13edb46-9aec-4e98-8cd4-41c0cbef4601,2026-10-08,제조 AX 솔루션 체험,aSSIST,,,5d08e905-02c7-4144-893a-c97c71606e52,2026-09-30 03:21:55.204748+00,b8fde554-6775-44ef-bc2a-74ff079e0ba2,대전 SF,김호성,1
a1680fa6-e3d1-4bab-ac78-d76f3926f433,2026-09-14,나를 찾아떠나는 여행2,LGE,,,5d08e905-02c7-4144-893a-c97c71606e52,2026-09-30 03:21:55.204748+00,edf8f06d-393d-4a19-947a-f867a6e88f56,부산 DM,임고운,1
a2219d78-b429-43db-8015-5a37fda1c68a,2026-12-01,혁신적 사고 워크숍,CLIPS,,,5d08e905-02c7-4144-893a-c97c71606e52,2026-09-30 03:27:01.59001+00,51578d60-88f8-44a3-916a-940934f35a81,부산 SF,김상영,2
a22cc00e-1289-432a-a5a2-5a5ce624d802,2026-10-23,AX 캡스톤 Phase 2: 프로토타입·KPI,LAB4DX,,,5d08e905-02c7-4144-893a-c97c71606e52,2026-09-30 03:21:55.204748+00,68ab8f99-2a95-4f4d-9f1b-2ec08c5d80bf,대전 AX,서예람,1
a26d5b3a-09db-4888-9afe-e89828a65336,2027-01-05,AX 캡스톤 Phase 1: 과제 확정·킥오프,LAB4DX,,,5d08e905-02c7-4144-893a-c97c71606e52,2026-09-30 03:27:01.59001+00,b2566702-6b24-42b0-b76b-3fcba9a7954b,부산 AX,오성호,2
a2812cb0-958d-45b6-9366-b51d671e54a8,2027-01-21,AX 캡스톤 Phase 3: 최종 완성·발표,LAB4DX,,,5d08e905-02c7-4144-893a-c97c71606e52,2026-09-30 03:27:01.59001+00,b2566702-6b24-42b0-b76b-3fcba9a7954b,부산 AX,오성호,2
a2d4c284-e943-4c83-862f-2e06b64db2fc,2026-12-30,제조 캡스톤 Phase 1: 과제 확정·킥오프,LAB4DX,,,5d08e905-02c7-4144-893a-c97c71606e52,2026-09-30 03:27:01.59001+00,f78b54cb-e709-47e0-bee7-50bc3bddce98,대구 SF,,2
a3011c6f-5db5-4207-a672-603d964a7a8d,2027-01-18,AX 트랙 통합멘토링,LAB4DX,,,5d08e905-02c7-4144-893a-c97c71606e52,2026-09-30 03:27:01.59001+00,e7a15ddb-abee-4107-b52f-5719066cc4dc,대구 AX,,2
a42a8248-b66e-4fe7-97a9-6610a6e1a76b,2026-12-24,제조 캡스톤 Phase 1: 과제 확정·킥오프,LAB4DX,,,5d08e905-02c7-4144-893a-c97c71606e52,2026-09-30 03:27:01.59001+00,f78b54cb-e709-47e0-bee7-50bc3bddce98,대구 SF,,2
a42cd31f-d9be-44f4-a15d-982af980edb7,2026-12-02,직무·산업 이해,aSSIST,,,5d08e905-02c7-4144-893a-c97c71606e52,2026-09-30 03:27:01.59001+00,98897e91-13e0-411c-8845-ad0e7a6ff7de,부산 DM,김재은,2
a468a796-0695-4840-9333-7099805574b0,2026-10-12,스마트팩토리 공장 설계,aSSIST,,,5d08e905-02c7-4144-893a-c97c71606e52,2026-09-30 03:21:55.204748+00,b8fde554-6775-44ef-bc2a-74ff079e0ba2,대전 SF,정준수,1
a4e7501e-cada-495d-a804-feabb08858d8,2026-12-30,AX 캡스톤 Phase 1: 과제 확정·킥오프,LAB4DX,,,5d08e905-02c7-4144-893a-c97c71606e52,2026-09-30 03:27:01.59001+00,e7a15ddb-abee-4107-b52f-5719066cc4dc,대구 AX,,2
a5753e69-048a-4e1b-ad58-fcdba60047d4,2026-11-11,강점기반 셀프리더십,CLIPS,,,5d08e905-02c7-4144-893a-c97c71606e52,2026-09-30 03:27:01.59001+00,b2566702-6b24-42b0-b76b-3fcba9a7954b,부산 AX,박선민,2
a5e9eba1-1360-4866-b273-e61ae9d3a1db,2026-10-30,제조 캡스톤 Phase 2: 프로토타입·KPI,aSSIST,,,5d08e905-02c7-4144-893a-c97c71606e52,2026-09-30 03:21:55.204748+00,b8fde554-6775-44ef-bc2a-74ff079e0ba2,대전 SF,김명수,1
a602275f-fc50-4835-b5fb-ec9655884c3d,2026-10-28,마케팅 캡스톤 Phase 2: 프로토타입·KPI,LAB4DX,,,5d08e905-02c7-4144-893a-c97c71606e52,2026-09-30 03:21:55.204748+00,cbdb02af-8b53-4483-8487-1f8e27199150,대구 DM,,1
a612e69a-9673-43e5-ad9a-e52cee2f7099,2026-09-14,실전 경영 시뮬레이션(캡스톤),aSSIST,,,5d08e905-02c7-4144-893a-c97c71606e52,2026-09-30 03:21:55.204748+00,b8fde554-6775-44ef-bc2a-74ff079e0ba2,대전 SF,신호상,1
a6272167-c5e4-4049-9f2f-11977f98842b,2026-10-30,제조 캡스톤 Phase 2: 과제 확정·킥오프,LAB4DX,,,5d08e905-02c7-4144-893a-c97c71606e52,2026-09-30 03:21:55.204748+00,edd7fa6f-92dc-41a6-b9fd-e96ee63b894e,부산 SF,정준수,1
a6b359fc-beeb-4b4e-99e7-5545b31094c0,2026-10-16,AI 기반 업무 표준화,aSSIST,,,5d08e905-02c7-4144-893a-c97c71606e52,2026-09-30 03:21:55.204748+00,edd7fa6f-92dc-41a6-b9fd-e96ee63b894e,부산 SF,김성민,1
a71eaf5f-3b64-4cf3-b229-b17c794f6202,2026-12-22,업무 데이터 파악 및 문제 정의,LAB4DX,,,5d08e905-02c7-4144-893a-c97c71606e52,2026-09-30 03:27:01.59001+00,b2566702-6b24-42b0-b76b-3fcba9a7954b,부산 AX,오성호,2
a7769ce4-ea93-48c2-9985-937a4b93e185,2027-01-22,마케팅 캡스톤 Phase 3: 최종 완성·발표,LAB4DX,,,5d08e905-02c7-4144-893a-c97c71606e52,2026-09-30 03:27:01.59001+00,98897e91-13e0-411c-8845-ad0e7a6ff7de,부산 DM,,2
a78d1ad5-7a7c-48b4-a822-53dca9b602dc,2026-11-04,마케팅 캡스톤 Phase 3: 프로토타입·KPI,LAB4DX,,,5d08e905-02c7-4144-893a-c97c71606e52,2026-09-30 03:21:55.204748+00,edf8f06d-393d-4a19-947a-f867a6e88f56,부산 DM,박윤하,1
a7a10aeb-a863-4bc6-bfaf-28963c984c8e,2026-11-09,연결의 시작,LGE,,,5d08e905-02c7-4144-893a-c97c71606e52,2026-09-30 03:27:01.59001+00,98897e91-13e0-411c-8845-ad0e7a6ff7de,부산 DM,,2
a7f64821-6577-4989-a3d4-723e48659873,2026-11-24,전자 산업 대전환,aSSIST,,,5d08e905-02c7-4144-893a-c97c71606e52,2026-09-30 03:27:01.59001+00,e7a15ddb-abee-4107-b52f-5719066cc4dc,대구 AX,노태우,2
a904ce61-56ae-43ee-a663-39de53c648e5,2026-09-22,혁신적 사고 워크숍,CLIPS,,,5d08e905-02c7-4144-893a-c97c71606e52,2026-09-30 03:21:55.204748+00,edd7fa6f-92dc-41a6-b9fd-e96ee63b894e,부산 SF,오성욱,1
a9277f24-1b21-4195-bf60-39fc5a957ab3,2027-01-19,대전·대구 수료식,,,,5d08e905-02c7-4144-893a-c97c71606e52,2026-09-30 03:27:01.59001+00,e7a15ddb-abee-4107-b52f-5719066cc4dc,대구 AX,,2
a955323a-0615-4b73-bc39-592ebb2f1b65,2026-11-09,연결의 시작,LGE,,,5d08e905-02c7-4144-893a-c97c71606e52,2026-09-30 03:27:01.59001+00,b2566702-6b24-42b0-b76b-3fcba9a7954b,부산 AX,,2
a9647257-8614-497a-b91f-575654791aad,2026-12-11,업무 데이터 파악 및 문제 정의,LAB4DX,,,5d08e905-02c7-4144-893a-c97c71606e52,2026-09-30 03:27:01.59001+00,e7a15ddb-abee-4107-b52f-5719066cc4dc,대구 AX,,2
a97b34fe-aea8-4ae4-898e-fe03b5846654,2026-09-21,인바스켓 문제해결,CLIPS,,,5d08e905-02c7-4144-893a-c97c71606e52,2026-09-30 03:21:55.204748+00,edd7fa6f-92dc-41a6-b9fd-e96ee63b894e,부산 SF,김명식,1
aaa31851-18e8-4f47-b426-1db0b03ac1fb,2026-12-25,성탄절,,,,5d08e905-02c7-4144-893a-c97c71606e52,2026-09-30 03:27:01.59001+00,f78b54cb-e709-47e0-bee7-50bc3bddce98,대구 SF,,2
aabd191b-c048-40d0-a2c2-aaff637461e3,2026-12-07,나를 찾아떠나는 여행2,LGE,,,5d08e905-02c7-4144-893a-c97c71606e52,2026-09-30 03:27:01.59001+00,51578d60-88f8-44a3-916a-940934f35a81,부산 SF,,2
ab1300ec-c305-4c24-bfc9-af72d2ad8c8d,2026-11-17,7-STEP 문제해결 프레임워크,CLIPS,,,5d08e905-02c7-4144-893a-c97c71606e52,2026-09-30 03:27:01.59001+00,73e4600c-7386-4f2d-9d16-99a17fc4908d,대전 AX,김진영,2
ab13c28b-d3da-4651-9b4f-e5b4b1aa1032,2026-09-30,Value Chain으로 보는 마케팅 직무,aSSIST,,,5d08e905-02c7-4144-893a-c97c71606e52,2026-09-30 03:21:55.204748+00,edf8f06d-393d-4a19-947a-f867a6e88f56,부산 DM,김지연,1
abe62a50-4b8e-48ff-b6fd-5930fc039690,2026-10-14,업무 데이터 파악 및 문제 정의,LAB4DX,,,5d08e905-02c7-4144-893a-c97c71606e52,2026-09-30 03:21:55.204748+00,9c560e52-16d5-4d66-aa9c-3547721123dc,부산 AX1,강태우,1
ac15927c-c6b7-407b-832e-b55fedae2971,2026-12-22,마케팅 문제정의 기초,aSSIST,,,5d08e905-02c7-4144-893a-c97c71606e52,2026-09-30 03:27:01.59001+00,98897e91-13e0-411c-8845-ad0e7a6ff7de,부산 DM,송태호,2
ac3e756d-cf38-4859-a27c-f704881c19f0,2027-01-08,AX 캡스톤 Phase 2: 프로토타입·KPI,LAB4DX,,,5d08e905-02c7-4144-893a-c97c71606e52,2026-09-30 03:27:01.59001+00,e7a15ddb-abee-4107-b52f-5719066cc4dc,대구 AX,,2
adf4d572-7fb9-4ee7-8a22-4894f0fcb8cd,2026-11-20,커리어 그룹 코칭,LGE,,,5d08e905-02c7-4144-893a-c97c71606e52,2026-09-30 03:27:01.59001+00,51578d60-88f8-44a3-916a-940934f35a81,부산 SF,,2
ae0ae9af-7f9a-47e5-b25e-e24cf299aba1,2026-11-25,실전 경영 시뮬레이션(캡스톤),aSSIST,,,5d08e905-02c7-4144-893a-c97c71606e52,2026-09-30 03:27:01.59001+00,e7a15ddb-abee-4107-b52f-5719066cc4dc,대구 AX,신호상,2
ae3c5ad3-ff69-4dfb-8f0a-4f05648aa3f6,2026-10-06,업무 데이터 파악 및 문제 정의,LAB4DX,,,5d08e905-02c7-4144-893a-c97c71606e52,2026-09-30 03:21:55.204748+00,1c540de2-1320-43dc-b795-468f78eb4f1a,대구 AX,김나영,1
ae6f18b6-ef97-4b74-9f01-8e047de2fec0,2026-12-15,Operation AI 활용,aSSIST,,,5d08e905-02c7-4144-893a-c97c71606e52,2026-09-30 03:27:01.59001+00,f78b54cb-e709-47e0-bee7-50bc3bddce98,대구 SF,신영철,2
aebc5950-6a8d-4400-baaa-ceada8ed2248,2026-09-15,인바스켓 문제해결,CLIPS,,,5d08e905-02c7-4144-893a-c97c71606e52,2026-09-30 03:21:55.204748+00,68ab8f99-2a95-4f4d-9f1b-2ec08c5d80bf,대전 AX,김명식,1
af982923-75b1-459f-ac02-b5257d2db265,2026-12-21,업무 데이터 파악 및 문제 정의,LAB4DX,,,5d08e905-02c7-4144-893a-c97c71606e52,2026-09-30 03:27:01.59001+00,b2566702-6b24-42b0-b76b-3fcba9a7954b,부산 AX,오성호,2
afa73bff-1a81-4564-bcda-62b585601faf,2026-10-19,스마트팩토리 공장 설계,aSSIST,,,5d08e905-02c7-4144-893a-c97c71606e52,2026-09-30 03:21:55.204748+00,edd7fa6f-92dc-41a6-b9fd-e96ee63b894e,부산 SF,정준수,1
b025e5fa-09c9-44f7-8a6e-40e9c621bee8,2027-01-18,AX 트랙 통합멘토링,LAB4DX,,,5d08e905-02c7-4144-893a-c97c71606e52,2026-09-30 03:27:01.59001+00,73e4600c-7386-4f2d-9d16-99a17fc4908d,대전 AX,서예람,2
b02f12de-0ada-4744-affe-61e3663df7ca,2026-10-01,마케팅 문제정의 기초,aSSIST,,,5d08e905-02c7-4144-893a-c97c71606e52,2026-09-30 03:21:55.204748+00,cbdb02af-8b53-4483-8487-1f8e27199150,대구 DM,하수경,1
b0809239-b290-4270-9241-25f994cebee9,2026-12-28,마케팅 캡스톤 Phase 1: 과제 확정·킥오프,LAB4DX,,,5d08e905-02c7-4144-893a-c97c71606e52,2026-09-30 03:27:01.59001+00,57cffe17-5311-4d1e-b1e7-fc4098f9bd3b,대전 DM,,2
b0a7d653-2edf-4f1e-9728-7bd009f872c6,2026-12-23,AX 캡스톤 Phase 1: 과제 확정·킥오프,LAB4DX,,,5d08e905-02c7-4144-893a-c97c71606e52,2026-09-30 03:27:01.59001+00,e7a15ddb-abee-4107-b52f-5719066cc4dc,대구 AX,,2
b0e96c99-8178-4496-a67f-db2b5ebaf5d4,2026-10-30,AX 캡스톤 Phase 2: 프로토타입·KPI,LAB4DX,,,5d08e905-02c7-4144-893a-c97c71606e52,2026-09-30 03:21:55.204748+00,68ab8f99-2a95-4f4d-9f1b-2ec08c5d80bf,대전 AX,서예람,1
b189a931-ef19-4bea-848b-f639f80b82f5,2026-12-04,제조현장/고객 접점·매장 운영 체험,LGE,,,5d08e905-02c7-4144-893a-c97c71606e52,2026-09-30 03:27:01.59001+00,f78b54cb-e709-47e0-bee7-50bc3bddce98,대구 SF,,2
b1905139-e870-4a09-bba0-fd4583a40500,2026-11-19,LG 코칭 리더십,LGE,,,5d08e905-02c7-4144-893a-c97c71606e52,2026-09-30 03:27:01.59001+00,98897e91-13e0-411c-8845-ad0e7a6ff7de,부산 DM,,2
b1cdfb24-282f-469c-af01-bbd02919b8f1,2026-10-02,마케팅 대시보드와 보고,aSSIST,,,5d08e905-02c7-4144-893a-c97c71606e52,2026-09-30 03:21:55.204748+00,edf8f06d-393d-4a19-947a-f867a6e88f56,부산 DM,김형수,1
b3539cd1-ec01-4c50-9130-905f06347205,2026-11-02,연결의 시작,LGE,,,cb543b2e-ec13-4c0c-9322-1c01f363a7dd,2026-09-30 04:52:15.605155+00,73e4600c-7386-4f2d-9d16-99a17fc4908d,대전 AX,전상혁,2
b3e1ebaf-136b-41c2-9ceb-dead5d9176eb,2026-11-03,제조 캡스톤 Phase 2: 과제 확정·킥오프,LAB4DX,,,5d08e905-02c7-4144-893a-c97c71606e52,2026-09-30 03:21:55.204748+00,edd7fa6f-92dc-41a6-b9fd-e96ee63b894e,부산 SF,정준수,1
b4382dd4-f7ce-41db-b53b-7ee843c75aba,2026-09-17,고객가치 체험 워크숍,LGE,,,5d08e905-02c7-4144-893a-c97c71606e52,2026-09-30 03:21:55.204748+00,edd7fa6f-92dc-41a6-b9fd-e96ee63b894e,부산 SF,최영철,1
b4597e70-5050-4d1f-b6ea-1c3af5bb7666,2026-10-07,사무 업무 프로세스 이해 및 AX 전환,LAB4DX,,,5d08e905-02c7-4144-893a-c97c71606e52,2026-09-30 03:21:55.204748+00,036b2b7b-4f9d-440a-b9c6-827ec2fa66a5,부산 AX2,박수현,1
b4b261b7-7943-4db2-9842-dc8e52198be0,2026-12-07,마케팅 대시보드와 보고,aSSIST,,,5d08e905-02c7-4144-893a-c97c71606e52,2026-09-30 03:27:01.59001+00,57cffe17-5311-4d1e-b1e7-fc4098f9bd3b,대전 DM,김형수,2
b509c876-fa5c-4632-ab00-3661fed640bc,2027-01-07,AX 캡스톤 Phase 2: 프로토타입·KPI,LAB4DX,,,5d08e905-02c7-4144-893a-c97c71606e52,2026-09-30 03:27:01.59001+00,e7a15ddb-abee-4107-b52f-5719066cc4dc,대구 AX,,2
b546d2a4-c411-496b-8d90-80067ff071fe,2026-12-01,인바스켓 문제해결,CLIPS,,,5d08e905-02c7-4144-893a-c97c71606e52,2026-09-30 03:27:01.59001+00,98897e91-13e0-411c-8845-ad0e7a6ff7de,부산 DM,김명식,2
b598f9ce-7eaa-41f1-a5d9-5478ac052686,2026-11-23,인바스켓 문제해결,CLIPS,,,5d08e905-02c7-4144-893a-c97c71606e52,2026-09-30 03:27:01.59001+00,e7a15ddb-abee-4107-b52f-5719066cc4dc,대구 AX,이가혁,2
b5cc800d-c0d3-4500-892d-407ce38ac2df,2026-11-10,조직 협업 원리,CLIPS,,,5d08e905-02c7-4144-893a-c97c71606e52,2026-09-30 03:27:01.59001+00,57cffe17-5311-4d1e-b1e7-fc4098f9bd3b,대전 DM,박소연,2
b6105b94-0790-4e80-b5b2-3ae181faf2a6,2026-10-28,제조 캡스톤 Phase 2: 프로토타입·KPI,aSSIST,,,5d08e905-02c7-4144-893a-c97c71606e52,2026-09-30 03:21:55.204748+00,b8fde554-6775-44ef-bc2a-74ff079e0ba2,대전 SF,김명수,1
b655bc38-e3d0-4b72-9ac9-d39ead95001f,2026-11-12,LG 코칭 리더십,LGE,,,5d08e905-02c7-4144-893a-c97c71606e52,2026-09-30 03:27:01.59001+00,57cffe17-5311-4d1e-b1e7-fc4098f9bd3b,대전 DM,,2
b65d1573-49df-498c-a3ad-7ea8e383ca2f,2026-11-19,LG 코칭 리더십,LGE,,,5d08e905-02c7-4144-893a-c97c71606e52,2026-09-30 03:27:01.59001+00,51578d60-88f8-44a3-916a-940934f35a81,부산 SF,,2
b68f179e-2098-422c-bada-2ba6470de9e4,2026-12-24,AI 기반 업무 표준화,aSSIST,,,5d08e905-02c7-4144-893a-c97c71606e52,2026-09-30 03:27:01.59001+00,51578d60-88f8-44a3-916a-940934f35a81,부산 SF,김성민,2
b6b48ac7-5953-4687-bff2-0f2a3a731720,2026-11-06,캡스톤 Phase 3: 최종완성·발표,LAB4DX,,,5d08e905-02c7-4144-893a-c97c71606e52,2026-09-30 03:33:01.871798+00,9c560e52-16d5-4d66-aa9c-3547721123dc,부산 AX1,,1
b6cfd0e5-5115-4383-9352-f360c13c2c72,2026-10-29,제조 캡스톤 Phase 2: 프로토타입·KPI,aSSIST,,,5d08e905-02c7-4144-893a-c97c71606e52,2026-09-30 03:21:55.204748+00,b8fde554-6775-44ef-bc2a-74ff079e0ba2,대전 SF,김명수,1
b7afd244-793d-41a0-b946-efcd8d5cbe93,2026-10-13,Operation AI 활용,aSSIST,,,5d08e905-02c7-4144-893a-c97c71606e52,2026-09-30 03:21:55.204748+00,edd7fa6f-92dc-41a6-b9fd-e96ee63b894e,부산 SF,신영철,1
b7b13bb6-8b85-4508-94f5-971eb043e963,2026-12-24,AX 캡스톤 Phase 1: 과제 확정·킥오프,LAB4DX,,,5d08e905-02c7-4144-893a-c97c71606e52,2026-09-30 03:27:01.59001+00,73e4600c-7386-4f2d-9d16-99a17fc4908d,대전 AX,서예람,2
b7b7245c-4154-4454-8cb4-195a07c73e96,2026-11-18,생성형 AI 업무활용 기본,LAB4DX,,,5d08e905-02c7-4144-893a-c97c71606e52,2026-09-30 03:27:01.59001+00,57cffe17-5311-4d1e-b1e7-fc4098f9bd3b,대전 DM,,2
b7d07de2-ecb8-49e7-b8d7-fb27bffba57b,2026-12-31,연말 휴강,,,,5d08e905-02c7-4144-893a-c97c71606e52,2026-09-30 03:27:01.59001+00,73e4600c-7386-4f2d-9d16-99a17fc4908d,대전 AX,,2
b7dc19a1-dcef-4ae5-9686-7aa7b8d0d492,2026-12-08,면접 스킬업/포트폴리오,CLIPS,,,5d08e905-02c7-4144-893a-c97c71606e52,2026-09-30 03:27:01.59001+00,51578d60-88f8-44a3-916a-940934f35a81,부산 SF,신지혜,2
b7e3ef0d-a17d-4bfd-bd28-c49bf35bc309,2026-12-04,전자 산업 대전환,aSSIST,,,5d08e905-02c7-4144-893a-c97c71606e52,2026-09-30 03:27:01.59001+00,b2566702-6b24-42b0-b76b-3fcba9a7954b,부산 AX,노태우,2
b88aaa3e-7bb1-4773-87c4-7d42b5ea9463,2026-12-29,마케팅 캡스톤 Phase 1: 과제 확정·킥오프,LAB4DX,,,5d08e905-02c7-4144-893a-c97c71606e52,2026-09-30 03:27:01.59001+00,57cffe17-5311-4d1e-b1e7-fc4098f9bd3b,대전 DM,,2
b8d05756-8f33-443c-90d8-e5243a069b9f,2027-01-14,AX 캡스톤 Phase 3: 최종 완성·발표,LAB4DX,,,5d08e905-02c7-4144-893a-c97c71606e52,2026-09-30 03:27:01.59001+00,e7a15ddb-abee-4107-b52f-5719066cc4dc,대구 AX,,2
b8df4289-9009-47cc-9eaa-6cb8f248536a,2027-01-14,마케팅 캡스톤 Phase 3: 최종 완성·발표,LAB4DX,,,5d08e905-02c7-4144-893a-c97c71606e52,2026-09-30 03:27:01.59001+00,57cffe17-5311-4d1e-b1e7-fc4098f9bd3b,대전 DM,,2
b900184a-b114-43cd-adf3-52d3690271b4,2026-11-26,전자 산업 대전환,aSSIST,,,5d08e905-02c7-4144-893a-c97c71606e52,2026-09-30 03:27:01.59001+00,57cffe17-5311-4d1e-b1e7-fc4098f9bd3b,대전 DM,이재환,2
b9bb99db-35fd-4d49-a6b7-c26c64fab33a,2026-10-13,고객이해와 시장조사 기초,aSSIST,,,5d08e905-02c7-4144-893a-c97c71606e52,2026-09-30 03:21:55.204748+00,edf8f06d-393d-4a19-947a-f867a6e88f56,부산 DM,하수경,1
ba147c63-364b-4d7e-9580-2ae4bc38a5ea,2026-10-19,AX 캡스톤 Phase 1: 과제 확정·킥오프,LAB4DX,,,5d08e905-02c7-4144-893a-c97c71606e52,2026-09-30 03:21:55.204748+00,68ab8f99-2a95-4f4d-9f1b-2ec08c5d80bf,대전 AX,서예람,1
ba3c405c-445e-4103-9c7d-6cd4e16c648e,2026-12-24,마케팅 캡스톤 Phase 1: 과제 확정·킥오프,LAB4DX,,,5d08e905-02c7-4144-893a-c97c71606e52,2026-09-30 03:27:01.59001+00,57cffe17-5311-4d1e-b1e7-fc4098f9bd3b,대전 DM,,2
ba437a6f-980a-4509-9c98-a8c4d19d1b7d,2027-01-15,제조 캡스톤 Phase 3: 최종 완성·발표,LAB4DX,,,5d08e905-02c7-4144-893a-c97c71606e52,2026-09-30 03:27:01.59001+00,f78b54cb-e709-47e0-bee7-50bc3bddce98,대구 SF,,2
ba4a963e-79e0-4562-b969-8b7650e5cd52,2026-10-23,마케팅 캡스톤 Phase 2: 프로토타입·KPI,LAB4DX,,,5d08e905-02c7-4144-893a-c97c71606e52,2026-09-30 03:21:55.204748+00,cbdb02af-8b53-4483-8487-1f8e27199150,대구 DM,,1
ba54a350-2544-4bf3-aa31-d944834edeef,2027-01-06,AX 캡스톤 Phase 1: 과제 확정·킥오프,LAB4DX,,,5d08e905-02c7-4144-893a-c97c71606e52,2026-09-30 03:27:01.59001+00,b2566702-6b24-42b0-b76b-3fcba9a7954b,부산 AX,오성호,2
ba6d8102-8c58-4cad-a75c-2c5ad637769a,2026-09-22,Operation 생산계획과 공정흐름,aSSIST,,,5d08e905-02c7-4144-893a-c97c71606e52,2026-09-30 03:21:55.204748+00,b8fde554-6775-44ef-bc2a-74ff079e0ba2,대전 SF,박승욱,1
baa2b960-fa23-4b0a-afb8-bb8435021d69,2026-11-09,연결의 시작,LGE,,,5d08e905-02c7-4144-893a-c97c71606e52,2026-09-30 03:27:01.59001+00,51578d60-88f8-44a3-916a-940934f35a81,부산 SF,,2
bab2f384-0886-4e8b-830c-7f0b0d0cb569,2026-12-16,업무 데이터 파악 및 문제 정의,LAB4DX,,,5d08e905-02c7-4144-893a-c97c71606e52,2026-09-30 03:27:01.59001+00,e7a15ddb-abee-4107-b52f-5719066cc4dc,대구 AX,,2
bacb8085-62d8-4106-9728-ac76f2f2a6fb,2026-11-02,제조 캡스톤 Phase 2: 과제 확정·킥오프,LAB4DX,,,5d08e905-02c7-4144-893a-c97c71606e52,2026-09-30 03:21:55.204748+00,edd7fa6f-92dc-41a6-b9fd-e96ee63b894e,부산 SF,정준수,1
bb3b4424-b337-4003-b67c-7679934ad280,2026-11-05,AX 캡스톤 Phase 3: 프로토타입·KPI,LAB4DX,,,5d08e905-02c7-4144-893a-c97c71606e52,2026-09-30 03:21:55.204748+00,9c560e52-16d5-4d66-aa9c-3547721123dc,부산 AX1,김기범,1
bb8a1d0f-b58c-4d5b-9d01-e4ebd5dd4527,2026-11-03,자기이해 진단 워크숍(버크만),LGE,,,cb543b2e-ec13-4c0c-9322-1c01f363a7dd,2026-09-30 04:52:15.605155+00,f78b54cb-e709-47e0-bee7-50bc3bddce98,대구 SF,유지원,2
bca2779f-d641-4b17-b1b8-4ff4ac7497a6,2027-01-14,AX 캡스톤 Phase 2: 프로토타입·KPI,LAB4DX,,,5d08e905-02c7-4144-893a-c97c71606e52,2026-09-30 03:27:01.59001+00,b2566702-6b24-42b0-b76b-3fcba9a7954b,부산 AX,오성호,2
bcaf7327-7ca8-4cf8-8873-4229fd2a163d,2026-10-19,제조 캡스톤 Phase 1: 과제 확정·킥오프,aSSIST,,,5d08e905-02c7-4144-893a-c97c71606e52,2026-09-30 03:21:55.204748+00,b8fde554-6775-44ef-bc2a-74ff079e0ba2,대전 SF,김명수,1
bd7108cf-9c44-4d8e-8a7f-61ccb41c5637,2026-11-18,생성형 AI 업무활용 기본,LAB4DX,,,5d08e905-02c7-4144-893a-c97c71606e52,2026-09-30 03:27:01.59001+00,e7a15ddb-abee-4107-b52f-5719066cc4dc,대구 AX,김나영,2
bd8d9cbb-9107-4dff-b26f-fad8864ce050,2026-12-17,업무 AX 혁신 기회 탐색·과제 정의,LAB4DX,,,5d08e905-02c7-4144-893a-c97c71606e52,2026-09-30 03:27:01.59001+00,e7a15ddb-abee-4107-b52f-5719066cc4dc,대구 AX,,2
bdc7fc32-ac71-40ec-a3b1-f122f395cc95,2026-09-17,고객가치 체험 워크숍,LGE,,,5d08e905-02c7-4144-893a-c97c71606e52,2026-09-30 03:21:55.204748+00,036b2b7b-4f9d-440a-b9c6-827ec2fa66a5,부산 AX2,남태양,1
be11cebe-9a82-401c-90f4-7bd4cc7bf77f,2027-01-21,제조 캡스톤 Phase 3: 최종 완성·발표,LAB4DX,,,5d08e905-02c7-4144-893a-c97c71606e52,2026-09-30 03:27:01.59001+00,51578d60-88f8-44a3-916a-940934f35a81,부산 SF,,2
be1a18b1-e430-4a02-b2f5-1000723c0f0f,2026-10-07,디지털 마케팅 직무탐색,aSSIST,,,5d08e905-02c7-4144-893a-c97c71606e52,2026-09-30 03:21:55.204748+00,edf8f06d-393d-4a19-947a-f867a6e88f56,부산 DM,송태호,1
be22b39a-a493-4703-adba-4a0654e2bb11,2026-09-14,취업문서·면접 및 커리어 로드맵 완성,CLIPS,,,5d08e905-02c7-4144-893a-c97c71606e52,2026-09-30 03:21:55.204748+00,1c540de2-1320-43dc-b795-468f78eb4f1a,대구 AX,신지혜,1
be389de4-bfa3-4a47-9827-61c670ebc4c3,2026-12-02,LG전자 Value Chain 워크숍,LGE,,,5d08e905-02c7-4144-893a-c97c71606e52,2026-09-30 03:27:01.59001+00,f78b54cb-e709-47e0-bee7-50bc3bddce98,대구 SF,,2
be5930e6-60a3-4fa3-8d5c-1010638ddfd4,2026-11-04,강점기반 셀프리더십,CLIPS,,,5d08e905-02c7-4144-893a-c97c71606e52,2026-09-30 03:27:01.59001+00,73e4600c-7386-4f2d-9d16-99a17fc4908d,대전 AX,나은숙,2
be6d2481-b82f-47d7-8116-6d60197155e3,2026-09-16,혁신적 사고와 비즈니스 의사결정,CLIPS,,,5d08e905-02c7-4144-893a-c97c71606e52,2026-09-30 03:21:55.204748+00,cbdb02af-8b53-4483-8487-1f8e27199150,대구 DM,심현수,1
bf58ea1d-95c5-4d83-887d-6807850a3efc,2026-11-05,AX 트랙 통합멘토링,LAB4DX,,,5d08e905-02c7-4144-893a-c97c71606e52,2026-09-30 03:21:55.204748+00,1c540de2-1320-43dc-b795-468f78eb4f1a,대구 AX,,1
bfa472c7-fac1-4701-8ea7-857c0214c55d,2026-09-28,마케팅 대시보드와 보고,aSSIST,,,5d08e905-02c7-4144-893a-c97c71606e52,2026-09-30 03:21:55.204748+00,cbdb02af-8b53-4483-8487-1f8e27199150,대구 DM,김형수,1
bfa5fa05-dd7a-4a9c-881a-f34b0f422fcf,2026-09-29,디지털 마케팅 세계전망,aSSIST,,,5d08e905-02c7-4144-893a-c97c71606e52,2026-09-30 03:21:55.204748+00,cbdb02af-8b53-4483-8487-1f8e27199150,대구 DM,송태호,1
bfbe8fd2-7532-45b1-b522-6f8844e716ed,2026-10-14,Operation 미니 케이스,aSSIST,,,5d08e905-02c7-4144-893a-c97c71606e52,2026-09-30 03:21:55.204748+00,edd7fa6f-92dc-41a6-b9fd-e96ee63b894e,부산 SF,신영철,1
c048c793-d577-42d8-b947-164481c8ce29,2026-11-30,나를 찾아떠나는 여행2,LGE,,,5d08e905-02c7-4144-893a-c97c71606e52,2026-09-30 03:27:01.59001+00,f78b54cb-e709-47e0-bee7-50bc3bddce98,대구 SF,,2
c0f4775b-44b4-4521-b7d1-a02436aa88d4,2026-09-28,사무 업무 프로세스 이해 및 AX 전환,LAB4DX,,,5d08e905-02c7-4144-893a-c97c71606e52,2026-09-30 03:21:55.204748+00,1c540de2-1320-43dc-b795-468f78eb4f1a,대구 AX,이정환,1
c0f5bcd2-fd6e-461d-8892-d4ef85c0b4f1,2026-11-19,LG 코칭 리더십,LGE,,,5d08e905-02c7-4144-893a-c97c71606e52,2026-09-30 03:27:01.59001+00,b2566702-6b24-42b0-b76b-3fcba9a7954b,부산 AX,,2
c1f5bf53-bd5b-48a2-9c9b-1eb94ba0a445,2026-11-23,7-STEP 문제해결 프레임워크,CLIPS,,,5d08e905-02c7-4144-893a-c97c71606e52,2026-09-30 03:27:01.59001+00,b2566702-6b24-42b0-b76b-3fcba9a7954b,부산 AX,윤재호,2
c1ffee28-f93b-4a7d-9990-9b1170eb1a29,2026-11-04,제조 캡스톤 Phase 3: 프로토타입·KPI,LAB4DX,,,5d08e905-02c7-4144-893a-c97c71606e52,2026-09-30 03:21:55.204748+00,edd7fa6f-92dc-41a6-b9fd-e96ee63b894e,부산 SF,정준수,1
c23261ae-fed4-4a7f-a9b7-5a2f0223a65a,2026-10-20,제조 캡스톤 Phase 1: 과제 확정·킥오프,aSSIST,,,5d08e905-02c7-4144-893a-c97c71606e52,2026-09-30 03:21:55.204748+00,b8fde554-6775-44ef-bc2a-74ff079e0ba2,대전 SF,김명수,1
c2d8e713-e812-46f2-97fb-72086e4c1fdc,2026-12-21,고객이해와 시장조사 기초,aSSIST,,,5d08e905-02c7-4144-893a-c97c71606e52,2026-09-30 03:27:01.59001+00,98897e91-13e0-411c-8845-ad0e7a6ff7de,부산 DM,하수경,2
c352307b-d347-48db-9fbf-a020f2ba11ba,2026-10-27,AX 캡스톤 Phase 2: 프로토타입·KPI,LAB4DX,,,5d08e905-02c7-4144-893a-c97c71606e52,2026-09-30 03:21:55.204748+00,1c540de2-1320-43dc-b795-468f78eb4f1a,대구 AX,,1
c376bbac-e47d-43d0-9a94-e71a432bd89c,2026-09-28,전자 산업 대전환,aSSIST,,,5d08e905-02c7-4144-893a-c97c71606e52,2026-09-30 03:21:55.204748+00,036b2b7b-4f9d-440a-b9c6-827ec2fa66a5,부산 AX2,노태우,1
c3b2d982-3602-4f53-b112-e99b509a8c67,2027-01-05,제조 캡스톤 Phase 1: 과제 확정·킥오프,LAB4DX,,,5d08e905-02c7-4144-893a-c97c71606e52,2026-09-30 03:27:01.59001+00,51578d60-88f8-44a3-916a-940934f35a81,부산 SF,,2
c42d4b85-43d1-4e2b-a4fd-14a6f6ffc80a,2027-01-08,제조 캡스톤 Phase 1: 과제 확정·킥오프,LAB4DX,,,5d08e905-02c7-4144-893a-c97c71606e52,2026-09-30 03:27:01.59001+00,51578d60-88f8-44a3-916a-940934f35a81,부산 SF,,2
c48a3364-eb98-4a64-a46b-cc8c59ff8672,2026-11-13,커리어 그룹 코칭,LGE,,,5d08e905-02c7-4144-893a-c97c71606e52,2026-09-30 03:27:01.59001+00,57cffe17-5311-4d1e-b1e7-fc4098f9bd3b,대전 DM,,2
c4c36339-041b-42c6-81b9-077c5b75bce7,2026-12-31,연말 휴강,,,,5d08e905-02c7-4144-893a-c97c71606e52,2026-09-30 03:27:01.59001+00,57cffe17-5311-4d1e-b1e7-fc4098f9bd3b,대전 DM,,2
c4e6a5e9-eafe-4e90-b906-3b73e1eb34d5,2027-01-05,AX 캡스톤 Phase 2: 프로토타입·KPI,LAB4DX,,,5d08e905-02c7-4144-893a-c97c71606e52,2026-09-30 03:27:01.59001+00,73e4600c-7386-4f2d-9d16-99a17fc4908d,대전 AX,서예람,2
c5ed54f2-a743-4901-adf3-0fbe89901df0,2027-01-18,마케팅 캡스톤 Phase 2: 프로토타입·KPI,LAB4DX,,,5d08e905-02c7-4144-893a-c97c71606e52,2026-09-30 03:27:01.59001+00,98897e91-13e0-411c-8845-ad0e7a6ff7de,부산 DM,,2
c5f86d15-9462-44de-8a4b-5bbd6183173c,2026-12-17,제조 AX 솔루션 체험,aSSIST,,,5d08e905-02c7-4144-893a-c97c71606e52,2026-09-30 03:27:01.59001+00,f78b54cb-e709-47e0-bee7-50bc3bddce98,대구 SF,김호성,2
c616daee-3159-416d-9feb-fee685634c57,2026-12-03,고객가치 체험 워크숍,LGE,,,5d08e905-02c7-4144-893a-c97c71606e52,2026-09-30 03:27:01.59001+00,e7a15ddb-abee-4107-b52f-5719066cc4dc,대구 AX,,2
c6448eb7-e378-40e5-abcc-503a4c153a42,2027-01-19,대전·대구 수료식,,,,5d08e905-02c7-4144-893a-c97c71606e52,2026-09-30 03:27:01.59001+00,57cffe17-5311-4d1e-b1e7-fc4098f9bd3b,대전 DM,,2
c66b93a7-e3a5-4a97-b5d5-2aedf7c3ba11,2026-12-23,업무 데이터 파악 및 문제 정의,LAB4DX,,,5d08e905-02c7-4144-893a-c97c71606e52,2026-09-30 03:27:01.59001+00,b2566702-6b24-42b0-b76b-3fcba9a7954b,부산 AX,오성호,2
c6b62be3-2469-47a1-a353-e190a58076c3,2026-12-31,연말 휴강,,,,5d08e905-02c7-4144-893a-c97c71606e52,2026-09-30 03:27:01.59001+00,f78b54cb-e709-47e0-bee7-50bc3bddce98,대구 SF,,2
c6bfbb05-3ded-45ee-bd4a-57adb2c9516d,2026-11-05,나를 찾아떠나는 여행1,LGE,,,cb543b2e-ec13-4c0c-9322-1c01f363a7dd,2026-09-30 04:52:15.605155+00,73e4600c-7386-4f2d-9d16-99a17fc4908d,대전 AX,박정혁,2
c701d451-cc91-4717-8000-dbab41b2a65b,2026-12-24,AX 캡스톤 Phase 1: 과제 확정·킥오프,LAB4DX,,,5d08e905-02c7-4144-893a-c97c71606e52,2026-09-30 03:27:01.59001+00,e7a15ddb-abee-4107-b52f-5719066cc4dc,대구 AX,,2
c704539c-352f-41e5-8875-3a6146e8bf42,2026-10-02,사무 업무 프로세스 이해 및 AX 전환,LAB4DX,,,5d08e905-02c7-4144-893a-c97c71606e52,2026-09-30 03:21:55.204748+00,036b2b7b-4f9d-440a-b9c6-827ec2fa66a5,부산 AX2,김동욱,1
c79dd4f8-0e16-4871-bc5e-7f1028576794,2026-11-23,혁신적 사고 워크숍,CLIPS,,,5d08e905-02c7-4144-893a-c97c71606e52,2026-09-30 03:27:01.59001+00,f78b54cb-e709-47e0-bee7-50bc3bddce98,대구 SF,오성욱,2
c8931423-cd0a-4aed-9c9f-70c39374a883,2026-10-22,AX 캡스톤 Phase 1: 과제 확정·킥오프,LAB4DX,,,5d08e905-02c7-4144-893a-c97c71606e52,2026-09-30 03:21:55.204748+00,1c540de2-1320-43dc-b795-468f78eb4f1a,대구 AX,,1
c8a47214-3c00-4a26-9fe9-2c805fac7196,2026-12-11,데이터 기반 마케팅 기획 실습,aSSIST,,,5d08e905-02c7-4144-893a-c97c71606e52,2026-09-30 03:27:01.59001+00,57cffe17-5311-4d1e-b1e7-fc4098f9bd3b,대전 DM,김윤경,2
c8b8be37-3b21-4dd0-85ad-dd035c8b92fa,2026-12-28,AX 캡스톤 Phase 1: 과제 확정·킥오프,LAB4DX,,,5d08e905-02c7-4144-893a-c97c71606e52,2026-09-30 03:27:01.59001+00,73e4600c-7386-4f2d-9d16-99a17fc4908d,대전 AX,서예람,2
c99d7b83-51bc-4cf6-bd96-62387266c886,2026-10-08,LG리커머스 공통과제 분석과 워크플로우 설계,LAB4DX,,,5d08e905-02c7-4144-893a-c97c71606e52,2026-09-30 03:21:55.204748+00,68ab8f99-2a95-4f4d-9f1b-2ec08c5d80bf,대전 AX,김희원,1
c9c591bd-c0ed-4188-9f8e-7143e50b1142,2027-01-14,AX 캡스톤 Phase 3: 최종 완성·발표,LAB4DX,,,5d08e905-02c7-4144-893a-c97c71606e52,2026-09-30 03:27:01.59001+00,73e4600c-7386-4f2d-9d16-99a17fc4908d,대전 AX,서예람,2
cade0041-1c85-40d5-8519-996a3f51249f,2026-12-01,면접 스킬업/포트폴리오,CLIPS,,,5d08e905-02c7-4144-893a-c97c71606e52,2026-09-30 03:27:01.59001+00,73e4600c-7386-4f2d-9d16-99a17fc4908d,대전 AX,백인선,2
cb09d363-30cd-4bc1-9842-36d21bc01040,2026-12-29,업무 AX 혁신 기회 탐색·과제 정의,LAB4DX,,,5d08e905-02c7-4144-893a-c97c71606e52,2026-09-30 03:27:01.59001+00,b2566702-6b24-42b0-b76b-3fcba9a7954b,부산 AX,오성호,2
cb49827d-4afe-4b59-8356-e5fbd6ea9ca3,2026-12-09,LG전자 Value Chain 워크숍,LGE,,,5d08e905-02c7-4144-893a-c97c71606e52,2026-09-30 03:27:01.59001+00,98897e91-13e0-411c-8845-ad0e7a6ff7de,부산 DM,,2
cb7e1c75-defd-4366-8aa2-347a1092814a,2026-10-23,AX 캡스톤 Phase 1: 과제 확정·킥오프,LAB4DX,,,5d08e905-02c7-4144-893a-c97c71606e52,2026-09-30 03:21:55.204748+00,036b2b7b-4f9d-440a-b9c6-827ec2fa66a5,부산 AX2,이지현,1
cb9958b3-3944-407b-b5ff-c776f9f80b27,2026-11-11,트랙 최종 발표(통합멘토링),LAB4DX,,,5d08e905-02c7-4144-893a-c97c71606e52,2026-09-30 03:21:55.204748+00,edd7fa6f-92dc-41a6-b9fd-e96ee63b894e,부산 SF,정준수,1
cbc43fc2-83ce-4d9e-acbb-d67d57db07e1,2026-10-16,AX 캡스톤 Phase 1: 과제 확정·킥오프,LAB4DX,,,5d08e905-02c7-4144-893a-c97c71606e52,2026-09-30 03:21:55.204748+00,68ab8f99-2a95-4f4d-9f1b-2ec08c5d80bf,대전 AX,서예람,1
cc18b25b-e472-42db-b560-90a3e1afffa4,2027-01-13,제조 캡스톤 Phase 2: 프로토타입·KPI,LAB4DX,,,5d08e905-02c7-4144-893a-c97c71606e52,2026-09-30 03:27:01.59001+00,51578d60-88f8-44a3-916a-940934f35a81,부산 SF,,2
cc223630-bc17-46d7-a0fb-3c82544b0486,2026-10-12,업무 AX 혁신 기회 탐색·과제 정의,LAB4DX,,,5d08e905-02c7-4144-893a-c97c71606e52,2026-09-30 03:21:55.204748+00,1c540de2-1320-43dc-b795-468f78eb4f1a,대구 AX,김나영,1
cc3fbf8a-fdd9-4a4d-a1d5-206e9d03ec7a,2026-11-18,생성형 AI 업무활용 기본,LAB4DX,,,5d08e905-02c7-4144-893a-c97c71606e52,2026-09-30 03:27:01.59001+00,73e4600c-7386-4f2d-9d16-99a17fc4908d,대전 AX,서예람,2
cc94bc41-f946-4779-8ae6-41fb411f35fb,2026-09-15,면접 스킬업/포트폴리오,CLIPS,,,5d08e905-02c7-4144-893a-c97c71606e52,2026-09-30 03:21:55.204748+00,9c560e52-16d5-4d66-aa9c-3547721123dc,부산 AX1,황은희,1
ccc754fc-3bad-448a-a865-8fbd8502d12d,2026-11-11,강점기반 셀프리더십,CLIPS,,,5d08e905-02c7-4144-893a-c97c71606e52,2026-09-30 03:27:01.59001+00,98897e91-13e0-411c-8845-ad0e7a6ff7de,부산 DM,백주은,2
ccd4f17e-1bb2-4fae-a6b6-920f55dffc14,2026-11-06,커리어 브랜딩 워크숍,LGE,,,cb543b2e-ec13-4c0c-9322-1c01f363a7dd,2026-09-30 04:52:15.605155+00,f78b54cb-e709-47e0-bee7-50bc3bddce98,대구 SF,김주현,2
ccd9a837-05b7-462d-b1d2-28b1b49bc017,2026-11-13,커리어 그룹 코칭,LGE,,,5d08e905-02c7-4144-893a-c97c71606e52,2026-09-30 03:27:01.59001+00,f78b54cb-e709-47e0-bee7-50bc3bddce98,대구 SF,,2
cde07620-11b0-4bb9-ab86-470da3bdab6c,2026-10-22,AX 캡스톤 Phase 1: 과제 확정·킥오프,LAB4DX,,,5d08e905-02c7-4144-893a-c97c71606e52,2026-09-30 03:21:55.204748+00,9c560e52-16d5-4d66-aa9c-3547721123dc,부산 AX1,김기범,1
ce4f68ba-a8f2-400e-a915-30f21f8cd64d,2026-10-07,데이터 마케팅 리터러시,aSSIST,,,5d08e905-02c7-4144-893a-c97c71606e52,2026-09-30 03:21:55.204748+00,cbdb02af-8b53-4483-8487-1f8e27199150,대구 DM,박현정,1
ce5b94dc-0a69-4c64-9da8-af449713642f,2026-10-07,사람의 판단과 확장 기능 결합,LAB4DX,,,5d08e905-02c7-4144-893a-c97c71606e52,2026-09-30 03:21:55.204748+00,68ab8f99-2a95-4f4d-9f1b-2ec08c5d80bf,대전 AX,김희원,1
ce61540c-8e30-4e82-8627-d6b2e124341d,2026-10-23,AX 캡스톤 Phase 2: 프로토타입·KPI,LAB4DX,,,5d08e905-02c7-4144-893a-c97c71606e52,2026-09-30 03:21:55.204748+00,1c540de2-1320-43dc-b795-468f78eb4f1a,대구 AX,,1
ce78130d-aebb-4e06-90a6-3c4f54e31599,2026-12-08,사무 업무 프로세스 이해 및 AX 전환,LAB4DX,,,5d08e905-02c7-4144-893a-c97c71606e52,2026-09-30 03:27:01.59001+00,73e4600c-7386-4f2d-9d16-99a17fc4908d,대전 AX,서예람,2
ce9d741f-ea69-4c1c-b9eb-6fcc43f75f67,2026-11-13,커리어 브랜딩 워크숍,LGE,,,5d08e905-02c7-4144-893a-c97c71606e52,2026-09-30 03:27:01.59001+00,b2566702-6b24-42b0-b76b-3fcba9a7954b,부산 AX,,2
ceea33ac-28aa-45d6-b775-1a92b3b3dd40,2026-11-12,나를 찾아떠나는 여행,LGE,,,5d08e905-02c7-4144-893a-c97c71606e52,2026-09-30 03:27:01.59001+00,51578d60-88f8-44a3-916a-940934f35a81,부산 SF,,2
cf22665d-babc-4eb7-8aeb-418e83a14cdb,2026-09-18,제조현장/고객 접점·매장 운영 체험,LGE,,,5d08e905-02c7-4144-893a-c97c71606e52,2026-09-30 03:21:55.204748+00,edd7fa6f-92dc-41a6-b9fd-e96ee63b894e,부산 SF,신상호,1
cfb485cd-5409-4302-abaf-41c211c8ab51,2027-01-04,제조 캡스톤 Phase 1: 과제 확정·킥오프,LAB4DX,,,5d08e905-02c7-4144-893a-c97c71606e52,2026-09-30 03:27:01.59001+00,51578d60-88f8-44a3-916a-940934f35a81,부산 SF,,2
cff4929d-51b5-4c90-8863-a51591d58e00,2027-01-13,AX 캡스톤 Phase 2: 프로토타입·KPI,LAB4DX,,,5d08e905-02c7-4144-893a-c97c71606e52,2026-09-30 03:27:01.59001+00,b2566702-6b24-42b0-b76b-3fcba9a7954b,부산 AX,오성호,2
d02b23a5-c3a0-4138-9394-fd4032b13e66,2026-11-16,7-STEP 문제해결 프레임워크,CLIPS,,,5d08e905-02c7-4144-893a-c97c71606e52,2026-09-30 03:27:01.59001+00,57cffe17-5311-4d1e-b1e7-fc4098f9bd3b,대전 DM,김진영,2
d04030c3-36d3-4868-8485-9bf391ce5460,2026-11-10,자기이해 진단 워크숍,LGE,,,5d08e905-02c7-4144-893a-c97c71606e52,2026-09-30 03:27:01.59001+00,98897e91-13e0-411c-8845-ad0e7a6ff7de,부산 DM,,2
d0f12045-8c8f-4357-b3df-818065188def,2026-12-14,업무 데이터 파악 및 문제 정의,LAB4DX,,,5d08e905-02c7-4144-893a-c97c71606e52,2026-09-30 03:27:01.59001+00,73e4600c-7386-4f2d-9d16-99a17fc4908d,대전 AX,서예람,2
d1a42421-4a0b-4fe7-bac9-02d7f4b50f56,2027-01-01,신정,,,,5d08e905-02c7-4144-893a-c97c71606e52,2026-09-30 03:27:01.59001+00,f78b54cb-e709-47e0-bee7-50bc3bddce98,대구 SF,,2
d2c5d400-c045-4ca4-a3a9-c2e25df07335,2026-10-08,업무 AX 혁신 기회 탐색·과제 정의,LAB4DX,,,5d08e905-02c7-4144-893a-c97c71606e52,2026-09-30 03:21:55.204748+00,1c540de2-1320-43dc-b795-468f78eb4f1a,대구 AX,김나영,1
d2c954b8-07c7-4de0-a5b1-efcc228a6e08,2026-09-29,직무·산업 이해,aSSIST,,,5d08e905-02c7-4144-893a-c97c71606e52,2026-09-30 03:21:55.204748+00,036b2b7b-4f9d-440a-b9c6-827ec2fa66a5,부산 AX2,이동현,1
d31bcde6-4ae2-4a13-a8cc-b6dfda8bbe57,2026-10-01,사무 업무 프로세스 이해 및 AX 전환,LAB4DX,,,5d08e905-02c7-4144-893a-c97c71606e52,2026-09-30 03:21:55.204748+00,9c560e52-16d5-4d66-aa9c-3547721123dc,부산 AX1,이정환,1
d337e689-b07a-4d73-bd86-571e73363893,2026-10-27,제조 캡스톤 Phase 1: 과제 확정·킥오프,LAB4DX,,,5d08e905-02c7-4144-893a-c97c71606e52,2026-09-30 03:21:55.204748+00,edd7fa6f-92dc-41a6-b9fd-e96ee63b894e,부산 SF,김화종,1
d3f5ae7b-532e-4ac2-a35f-5abbbc5ace3b,2027-01-05,마케팅 캡스톤 Phase 2: 프로토타입·KPI,LAB4DX,,,5d08e905-02c7-4144-893a-c97c71606e52,2026-09-30 03:27:01.59001+00,57cffe17-5311-4d1e-b1e7-fc4098f9bd3b,대전 DM,,2
d4451bda-dc9b-418c-b9e9-d589459b2c7b,2026-12-07,나를 찾아떠나는 여행2,LGE,,,5d08e905-02c7-4144-893a-c97c71606e52,2026-09-30 03:27:01.59001+00,b2566702-6b24-42b0-b76b-3fcba9a7954b,부산 AX,,2
d4821239-a2d3-447f-b8d1-bca71e7940c7,2026-12-11,제조 데이터 흐름 (MES·ERP·PLM),aSSIST,,,5d08e905-02c7-4144-893a-c97c71606e52,2026-09-30 03:27:01.59001+00,f78b54cb-e709-47e0-bee7-50bc3bddce98,대구 SF,최정욱,2
d5666f29-8464-4fe2-a32c-c74aa7ad4b7d,2026-12-18,광고 캠페인 구조 이해,aSSIST,,,5d08e905-02c7-4144-893a-c97c71606e52,2026-09-30 03:27:01.59001+00,57cffe17-5311-4d1e-b1e7-fc4098f9bd3b,대전 DM,이승오,2
d5fe586b-0b4b-4074-ab87-63c2a3d19a99,2026-09-30,전자 산업 대전환,aSSIST,,,5d08e905-02c7-4144-893a-c97c71606e52,2026-09-30 03:21:55.204748+00,edd7fa6f-92dc-41a6-b9fd-e96ee63b894e,부산 SF,노태우,1
d6e39240-1f53-4d26-81e1-c260a8b3e334,2026-10-29,마케팅 캡스톤 Phase 2: 프로토타입·KPI,LAB4DX,,,5d08e905-02c7-4144-893a-c97c71606e52,2026-09-30 03:21:55.204748+00,edf8f06d-393d-4a19-947a-f867a6e88f56,부산 DM,박윤하,1
d6e782c1-553e-4d43-b964-de3613f1d01c,2026-12-24,SEO·SNS·숏폼 콘텐츠,aSSIST,,,5d08e905-02c7-4144-893a-c97c71606e52,2026-09-30 03:27:01.59001+00,98897e91-13e0-411c-8845-ad0e7a6ff7de,부산 DM,김윤경,2
d743b5ca-5376-4067-9504-e3d4adf773fb,2026-12-16,디지털 마케팅 세계 전망,aSSIST,,,5d08e905-02c7-4144-893a-c97c71606e52,2026-09-30 03:27:01.59001+00,98897e91-13e0-411c-8845-ad0e7a6ff7de,부산 DM,송태호,2
d75b598e-1552-4a43-a111-c2d7252c1733,2026-12-03,고객가치 체험 워크숍,LGE,,,5d08e905-02c7-4144-893a-c97c71606e52,2026-09-30 03:27:01.59001+00,73e4600c-7386-4f2d-9d16-99a17fc4908d,대전 AX,,2
d85e14ac-3c4c-42f0-a686-eaa662987d53,2027-01-01,신정,,,,5d08e905-02c7-4144-893a-c97c71606e52,2026-09-30 03:27:01.59001+00,98897e91-13e0-411c-8845-ad0e7a6ff7de,부산 DM,,2
d8628e7b-082e-4122-b3a8-1940871c96b9,2026-12-15,업무 데이터 파악 및 문제 정의,LAB4DX,,,5d08e905-02c7-4144-893a-c97c71606e52,2026-09-30 03:27:01.59001+00,73e4600c-7386-4f2d-9d16-99a17fc4908d,대전 AX,서예람,2
d8776ad9-d032-440d-ad58-ad2fb16f2b57,2026-10-21,AX 캡스톤 Phase 1: 과제 확정·킥오프,LAB4DX,,,5d08e905-02c7-4144-893a-c97c71606e52,2026-09-30 03:21:55.204748+00,68ab8f99-2a95-4f4d-9f1b-2ec08c5d80bf,대전 AX,서예람,1
d940e87e-3d24-4350-85db-1887852c364b,2026-12-21,스마트팩토리 공장 설계,aSSIST,,,5d08e905-02c7-4144-893a-c97c71606e52,2026-09-30 03:27:01.59001+00,f78b54cb-e709-47e0-bee7-50bc3bddce98,대구 SF,정준수,2
d941a113-a694-471b-bb35-7cd7a19ba8e8,2027-01-01,신정,,,,5d08e905-02c7-4144-893a-c97c71606e52,2026-09-30 03:27:01.59001+00,b2566702-6b24-42b0-b76b-3fcba9a7954b,부산 AX,,2
da1159f2-ed2e-4c84-b4e1-7d79fb70a983,2027-01-20,AX 캡스톤 Phase 3: 최종 완성·발표,LAB4DX,,,5d08e905-02c7-4144-893a-c97c71606e52,2026-09-30 03:27:01.59001+00,b2566702-6b24-42b0-b76b-3fcba9a7954b,부산 AX,오성호,2
da54c95b-126c-404b-942f-55f312246936,2026-11-02,연결의 시작,LGE,,,cb543b2e-ec13-4c0c-9322-1c01f363a7dd,2026-09-30 04:52:15.605155+00,f78b54cb-e709-47e0-bee7-50bc3bddce98,대구 SF,최은영,2
db36da09-1019-4259-be68-130a55c8e224,2026-10-23,제조 캡스톤 Phase 1: 과제 확정·킥오프,LAB4DX,,,5d08e905-02c7-4144-893a-c97c71606e52,2026-09-30 03:21:55.204748+00,edd7fa6f-92dc-41a6-b9fd-e96ee63b894e,부산 SF,김화종,1
db7404be-a644-4fa1-be50-32e3491da1dd,2026-11-12,LG 코칭 리더십,LGE,,,5d08e905-02c7-4144-893a-c97c71606e52,2026-09-30 03:27:01.59001+00,73e4600c-7386-4f2d-9d16-99a17fc4908d,대전 AX,,2
dbbc9ab7-a808-42c9-a33c-5e0165a627ab,2026-09-15,혁신적 사고와 비즈니스 의사결정,CLIPS,,,5d08e905-02c7-4144-893a-c97c71606e52,2026-09-30 03:21:55.204748+00,1c540de2-1320-43dc-b795-468f78eb4f1a,대구 AX,하주영,1
dcea1028-4dab-4ea1-a0f6-04b2eefab637,2026-11-02,마케팅 캡스톤 Phase 3: 최종 완성·발표,LAB4DX,,,5d08e905-02c7-4144-893a-c97c71606e52,2026-09-30 03:21:55.204748+00,cbdb02af-8b53-4483-8487-1f8e27199150,대구 DM,,1
dd1d4460-a173-462e-9365-99916301ad3f,2026-12-18,제조 성과지표(KPI)·대시보드,aSSIST,,,5d08e905-02c7-4144-893a-c97c71606e52,2026-09-30 03:27:01.59001+00,51578d60-88f8-44a3-916a-940934f35a81,부산 SF,최정욱,2
dd6fd1c1-d494-44d4-bd2e-a3aeff0edfde,2026-12-01,인바스켓 문제해결,CLIPS,,,5d08e905-02c7-4144-893a-c97c71606e52,2026-09-30 03:27:01.59001+00,b2566702-6b24-42b0-b76b-3fcba9a7954b,부산 AX,이가혁,2
de7b781a-00e9-4110-a3b1-114e3f3291e2,2026-11-20,커리어 그룹 코칭,LGE,,,5d08e905-02c7-4144-893a-c97c71606e52,2026-09-30 03:27:01.59001+00,b2566702-6b24-42b0-b76b-3fcba9a7954b,부산 AX,,2
decb906e-9c15-4414-ad31-afc00bf5d605,2026-12-29,AX 캡스톤 Phase 1: 과제 확정·킥오프,LAB4DX,,,5d08e905-02c7-4144-893a-c97c71606e52,2026-09-30 03:27:01.59001+00,73e4600c-7386-4f2d-9d16-99a17fc4908d,대전 AX,서예람,2
df41934b-1fb5-4b42-a2b1-c805a2f634b4,2026-11-30,혁신적 사고 워크숍,CLIPS,,,5d08e905-02c7-4144-893a-c97c71606e52,2026-09-30 03:27:01.59001+00,98897e91-13e0-411c-8845-ad0e7a6ff7de,부산 DM,김상영,2
e0385851-d762-4faa-9feb-60bd14411335,2027-01-15,마케팅 캡스톤 Phase 2: 프로토타입·KPI,LAB4DX,,,5d08e905-02c7-4144-893a-c97c71606e52,2026-09-30 03:27:01.59001+00,98897e91-13e0-411c-8845-ad0e7a6ff7de,부산 DM,,2
e11c0a34-bcf2-4a4e-8499-96e1d92f2fd0,2026-10-08,제조 성과지표(KPI)·대시보드,aSSIST,,,5d08e905-02c7-4144-893a-c97c71606e52,2026-09-30 03:21:55.204748+00,edd7fa6f-92dc-41a6-b9fd-e96ee63b894e,부산 SF,최정욱,1
e14e855e-f991-486f-8d60-887f2e7ea607,2026-09-17,실전 경영 시뮬레이션(캡스톤),aSSIST,,,5d08e905-02c7-4144-893a-c97c71606e52,2026-09-30 03:21:55.204748+00,cbdb02af-8b53-4483-8487-1f8e27199150,대구 DM,신호상,1
e1b01fa0-9c58-40d3-8e02-b2831b662bff,2027-01-07,마케팅 캡스톤 Phase 1: 과제 확정·킥오프,LAB4DX,,,5d08e905-02c7-4144-893a-c97c71606e52,2026-09-30 03:27:01.59001+00,98897e91-13e0-411c-8845-ad0e7a6ff7de,부산 DM,,2
e1d3279c-eb06-4f21-9136-6f97e8dac57f,2026-09-28,웹 데이터 수집 및 텍스트 기반 분석,LAB4DX,,,5d08e905-02c7-4144-893a-c97c71606e52,2026-09-30 03:21:55.204748+00,68ab8f99-2a95-4f4d-9f1b-2ec08c5d80bf,대전 AX,김진웅,1
e26324ab-0b31-4b36-866a-a0e3de0f0568,2026-11-02,마케팅 캡스톤 Phase 2: 프로토타입·KPI,LAB4DX,,,5d08e905-02c7-4144-893a-c97c71606e52,2026-09-30 03:21:55.204748+00,edf8f06d-393d-4a19-947a-f867a6e88f56,부산 DM,박윤하,1
e2d012ce-8d6f-48be-9bb2-a350c1a8fead,2026-09-18,직무·산업 이해,aSSIST,,,5d08e905-02c7-4144-893a-c97c71606e52,2026-09-30 03:21:55.204748+00,1c540de2-1320-43dc-b795-468f78eb4f1a,대구 AX,김재은,1
e2fe1187-b618-4c7b-aba2-0cfaa9479189,2027-01-18,제조 트랙 통합멘토링,LAB4DX,,,5d08e905-02c7-4144-893a-c97c71606e52,2026-09-30 03:27:01.59001+00,f78b54cb-e709-47e0-bee7-50bc3bddce98,대구 SF,,2
e3b25505-2fa7-4020-9c8e-61c65227bbaa,2026-12-28,AX 캡스톤 Phase 1: 과제 확정·킥오프,LAB4DX,,,5d08e905-02c7-4144-893a-c97c71606e52,2026-09-30 03:27:01.59001+00,e7a15ddb-abee-4107-b52f-5719066cc4dc,대구 AX,,2
e49233d2-73bd-450e-b2b2-2a9e6157ecab,2026-12-03,고객가치 체험 워크숍,LGE,,,5d08e905-02c7-4144-893a-c97c71606e52,2026-09-30 03:27:01.59001+00,57cffe17-5311-4d1e-b1e7-fc4098f9bd3b,대전 DM,,2
e510b564-93c8-4943-a7e3-a7a69c63b9b7,2026-11-10,캡스톤 Phase 3: 최종완성·발표,LAB4DX,,,5d08e905-02c7-4144-893a-c97c71606e52,2026-09-30 03:33:01.871798+00,036b2b7b-4f9d-440a-b9c6-827ec2fa66a5,부산 AX2,,1
e5da5026-b299-4a48-b7bb-3bfcc0d70c90,2027-01-15,마케팅 캡스톤 Phase 3: 최종 완성·발표,LAB4DX,,,5d08e905-02c7-4144-893a-c97c71606e52,2026-09-30 03:27:01.59001+00,57cffe17-5311-4d1e-b1e7-fc4098f9bd3b,대전 DM,,2
e5e9f00d-e3bb-4e71-a721-d76322ebeb0e,2027-01-01,신정,,,,5d08e905-02c7-4144-893a-c97c71606e52,2026-09-30 03:27:01.59001+00,73e4600c-7386-4f2d-9d16-99a17fc4908d,대전 AX,,2
e61a33ba-8336-432d-a66f-c18269ba2ca5,2026-11-23,워크 스마트 스킬,CLIPS,,,5d08e905-02c7-4144-893a-c97c71606e52,2026-09-30 03:27:01.59001+00,51578d60-88f8-44a3-916a-940934f35a81,부산 SF,이효연,2
e6993550-182c-40ac-aca5-9f4afa650646,2026-10-16,업무 AX 혁신 기회 탐색·과제 정의,LAB4DX,,,5d08e905-02c7-4144-893a-c97c71606e52,2026-09-30 03:21:55.204748+00,9c560e52-16d5-4d66-aa9c-3547721123dc,부산 AX1,강태우,1
e736e832-f859-4f15-88ff-218b4f83bb75,2026-11-05,나를 찾아떠나는 여행1,LGE,,,cb543b2e-ec13-4c0c-9322-1c01f363a7dd,2026-09-30 04:52:15.605155+00,f78b54cb-e709-47e0-bee7-50bc3bddce98,대구 SF,류희영,2
e790e2eb-0031-4d18-95df-c91659dac5ea,2026-11-26,AI Working Skill 응용,LAB4DX,,,5d08e905-02c7-4144-893a-c97c71606e52,2026-09-30 03:27:01.59001+00,b2566702-6b24-42b0-b76b-3fcba9a7954b,부산 AX,오성호,2
e8077daf-d243-4cfe-93a9-6714f1d78a71,2026-09-17,직무·산업 이해,aSSIST,,,5d08e905-02c7-4144-893a-c97c71606e52,2026-09-30 03:21:55.204748+00,b8fde554-6775-44ef-bc2a-74ff079e0ba2,대전 SF,이재환,1
e82462c0-ce11-46f2-aa9f-4280420e9708,2026-10-19,마케팅 캡스톤 Phase 1: 과제 확정·킥오프,LAB4DX,,,5d08e905-02c7-4144-893a-c97c71606e52,2026-09-30 03:21:55.204748+00,cbdb02af-8b53-4483-8487-1f8e27199150,대구 DM,,1
e8496862-b057-41fa-8f64-40a76bc8a960,2026-11-05,AX 캡스톤 Phase 3: 프로토타입·KPI,LAB4DX,,,5d08e905-02c7-4144-893a-c97c71606e52,2026-09-30 03:21:55.204748+00,036b2b7b-4f9d-440a-b9c6-827ec2fa66a5,부산 AX2,이지현,1
e8513656-88e8-4dbe-b0cd-944fc236df54,2026-10-20,AX 캡스톤 Phase 1: 과제 확정·킥오프,LAB4DX,,,5d08e905-02c7-4144-893a-c97c71606e52,2026-09-30 03:21:55.204748+00,1c540de2-1320-43dc-b795-468f78eb4f1a,대구 AX,,1
e8605e36-15ec-4eed-9def-f4ebc8d978ec,2027-01-14,제조 캡스톤 Phase 3: 최종 완성·발표,LAB4DX,,,5d08e905-02c7-4144-893a-c97c71606e52,2026-09-30 03:27:01.59001+00,f78b54cb-e709-47e0-bee7-50bc3bddce98,대구 SF,,2
e8e1f886-160a-4e50-8fac-55bae639f595,2026-12-30,마케팅 캡스톤 Phase 1: 과제 확정·킥오프,LAB4DX,,,5d08e905-02c7-4144-893a-c97c71606e52,2026-09-30 03:27:01.59001+00,57cffe17-5311-4d1e-b1e7-fc4098f9bd3b,대전 DM,,2
e9233326-fffa-4da4-b7d3-e5c598ebb02c,2026-09-15,면접 스킬업/포트폴리오,CLIPS,,,5d08e905-02c7-4144-893a-c97c71606e52,2026-09-30 03:21:55.204748+00,edd7fa6f-92dc-41a6-b9fd-e96ee63b894e,부산 SF,신지혜,1
ea8a43a5-32fa-4c9a-bd82-4735c420dfd7,2026-11-03,마케팅 캡스톤 Phase 3: 최종 완성·발표,LAB4DX,,,5d08e905-02c7-4144-893a-c97c71606e52,2026-09-30 03:21:55.204748+00,cbdb02af-8b53-4483-8487-1f8e27199150,대구 DM,,1
ea98ffea-ce59-4004-8ad4-bb68b964d68f,2026-10-20,콘텐츠 마케팅·브랜드,aSSIST,,,5d08e905-02c7-4144-893a-c97c71606e52,2026-09-30 03:21:55.204748+00,edf8f06d-393d-4a19-947a-f867a6e88f56,부산 DM,김종혁,1
eb82acd0-22a0-4cf5-8fa5-203923f4e1a6,2027-01-07,마케팅 캡스톤 Phase 2: 프로토타입·KPI,LAB4DX,,,5d08e905-02c7-4144-893a-c97c71606e52,2026-09-30 03:27:01.59001+00,57cffe17-5311-4d1e-b1e7-fc4098f9bd3b,대전 DM,,2
ebb94506-b6f9-4d42-bad2-e2461299137c,2026-10-16,AX 캡스톤 Phase 1: 과제 확정·킥오프,LAB4DX,,,5d08e905-02c7-4144-893a-c97c71606e52,2026-09-30 03:21:55.204748+00,1c540de2-1320-43dc-b795-468f78eb4f1a,대구 AX,,1
ebc6f0e1-4b3d-4007-8a40-8be1f4799988,2026-12-31,연말 휴강,,,,5d08e905-02c7-4144-893a-c97c71606e52,2026-09-30 03:27:01.59001+00,51578d60-88f8-44a3-916a-940934f35a81,부산 SF,,2
ed7cae48-491c-4b47-86ab-5ce887707212,2026-12-16,사무 업무 프로세스 이해 및 AX 전환,LAB4DX,,,5d08e905-02c7-4144-893a-c97c71606e52,2026-09-30 03:27:01.59001+00,b2566702-6b24-42b0-b76b-3fcba9a7954b,부산 AX,오성호,2
ef9190dd-1a76-4787-95de-111eeca7cd7d,2026-10-28,제조 캡스톤 Phase 2: 과제 확정·킥오프,LAB4DX,,,5d08e905-02c7-4144-893a-c97c71606e52,2026-09-30 03:21:55.204748+00,edd7fa6f-92dc-41a6-b9fd-e96ee63b894e,부산 SF,김화종,1
efd88743-abd1-4ac7-8f98-ee70a601ef4a,2026-11-02,AX 캡스톤 Phase 2: 프로토타입·KPI,LAB4DX,,,5d08e905-02c7-4144-893a-c97c71606e52,2026-09-30 03:21:55.204748+00,9c560e52-16d5-4d66-aa9c-3547721123dc,부산 AX1,김기범,1
f00278cd-78fa-43f2-afc2-89fa39fb85b2,2026-11-18,비즈 커뮤니케이션,CLIPS,,,5d08e905-02c7-4144-893a-c97c71606e52,2026-09-30 03:27:01.59001+00,98897e91-13e0-411c-8845-ad0e7a6ff7de,부산 DM,이진아,2
f0e36430-8ab4-4198-9eef-aae967188b82,2026-11-04,AX 캡스톤 Phase 3: 프로토타입·KPI,LAB4DX,,,5d08e905-02c7-4144-893a-c97c71606e52,2026-09-30 03:21:55.204748+00,036b2b7b-4f9d-440a-b9c6-827ec2fa66a5,부산 AX2,이지현,1
f1078a5d-896a-41da-adb1-c24c80a5448d,2026-11-23,인바스켓 문제해결,CLIPS,,,5d08e905-02c7-4144-893a-c97c71606e52,2026-09-30 03:27:01.59001+00,73e4600c-7386-4f2d-9d16-99a17fc4908d,대전 AX,김명식,2
f15d3afb-3b9b-4dd4-8199-bcf2df16aa52,2026-09-22,실전 경영 시뮬레이션(캡스톤),aSSIST,,,5d08e905-02c7-4144-893a-c97c71606e52,2026-09-30 03:21:55.204748+00,1c540de2-1320-43dc-b795-468f78eb4f1a,대구 AX,도재헌,1
f1bcd65d-7790-498d-845e-e53ffb3bef72,2027-01-11,AX 캡스톤 Phase 2: 프로토타입·KPI,LAB4DX,,,5d08e905-02c7-4144-893a-c97c71606e52,2026-09-30 03:27:01.59001+00,e7a15ddb-abee-4107-b52f-5719066cc4dc,대구 AX,,2
f27ee2d3-0608-48c1-8798-5c1ccf178942,2027-01-19,대전·대구 수료식,,,,5d08e905-02c7-4144-893a-c97c71606e52,2026-09-30 03:27:01.59001+00,f78b54cb-e709-47e0-bee7-50bc3bddce98,대구 SF,,2
f33c6a01-60ac-418e-86a3-4f99dbeaa6c8,2026-12-08,Operation 생상계획과 공정흐름,aSSIST,,,5d08e905-02c7-4144-893a-c97c71606e52,2026-09-30 03:27:01.59001+00,f78b54cb-e709-47e0-bee7-50bc3bddce98,대구 SF,박승욱,2
f4723561-b0c0-4e17-8c46-4bef7a35c5f8,2026-11-25,직무·산업 이해,aSSIST,,,5d08e905-02c7-4144-893a-c97c71606e52,2026-09-30 03:27:01.59001+00,73e4600c-7386-4f2d-9d16-99a17fc4908d,대전 AX,김재은,2
f4dc0816-49e1-44a5-8f8f-72de2f7b1221,2026-09-18,전자 산업 대전환,aSSIST,,,5d08e905-02c7-4144-893a-c97c71606e52,2026-09-30 03:21:55.204748+00,cbdb02af-8b53-4483-8487-1f8e27199150,대구 DM,노태우,1
f552382f-144d-42b7-8760-9b5d159c44a9,2026-10-15,AX 캡스톤 Phase 1: 과제 확정·킥오프,LAB4DX,,,5d08e905-02c7-4144-893a-c97c71606e52,2026-09-30 03:21:55.204748+00,68ab8f99-2a95-4f4d-9f1b-2ec08c5d80bf,대전 AX,서예람,1
f554c208-6271-42ea-acd4-facd7ec6f4ff,2026-12-02,LG전자 Value Chain 워크숍,LGE,,,5d08e905-02c7-4144-893a-c97c71606e52,2026-09-30 03:27:01.59001+00,57cffe17-5311-4d1e-b1e7-fc4098f9bd3b,대전 DM,,2
f56237ec-8ac5-4db0-b807-f98cd89832c1,2026-12-16,업무 데이터 파악 및 문제 정의,LAB4DX,,,5d08e905-02c7-4144-893a-c97c71606e52,2026-09-30 03:27:01.59001+00,73e4600c-7386-4f2d-9d16-99a17fc4908d,대전 AX,서예람,2
f5b6449d-f7c4-4f13-8132-63b9a90528c3,2026-10-01,n8n 첫걸음 : 데이터 흐름으로 노드 선택하기,LAB4DX,,,5d08e905-02c7-4144-893a-c97c71606e52,2026-09-30 03:21:55.204748+00,68ab8f99-2a95-4f4d-9f1b-2ec08c5d80bf,대전 AX,강현정,1
f5dbd582-fd67-4d4f-9f87-1b0c0c1aa7d0,2027-01-06,AX 캡스톤 Phase 2: 프로토타입·KPI,LAB4DX,,,5d08e905-02c7-4144-893a-c97c71606e52,2026-09-30 03:27:01.59001+00,73e4600c-7386-4f2d-9d16-99a17fc4908d,대전 AX,서예람,2
f64004fe-77b1-42ca-b10b-8430dc6876a4,2026-12-04,제조현장/고객 접점·매장 운영 체험,LGE,,,5d08e905-02c7-4144-893a-c97c71606e52,2026-09-30 03:27:01.59001+00,73e4600c-7386-4f2d-9d16-99a17fc4908d,대전 AX,,2
f645e906-9029-4581-8821-d1171417019e,2026-09-28,실전 경영 시뮬레이션(캡스톤),aSSIST,,,5d08e905-02c7-4144-893a-c97c71606e52,2026-09-30 03:21:55.204748+00,edd7fa6f-92dc-41a6-b9fd-e96ee63b894e,부산 SF,신호상,1
f6f37395-1187-440e-ae9b-d937c1b858a8,2026-11-09,비즈 커뮤니케이션,CLIPS,,,5d08e905-02c7-4144-893a-c97c71606e52,2026-09-30 03:27:01.59001+00,e7a15ddb-abee-4107-b52f-5719066cc4dc,대구 AX,유정숙,2
f70446b1-4123-4694-b79a-aa65e48717f6,2026-09-21,직무·산업 이해,aSSIST,,,5d08e905-02c7-4144-893a-c97c71606e52,2026-09-30 03:21:55.204748+00,cbdb02af-8b53-4483-8487-1f8e27199150,대구 DM,김재은,1
f72b91b6-6bee-4d60-9276-400d4e0570fc,2026-10-06,사무 업무 프로세스 이해 및 AX 전환,LAB4DX,,,5d08e905-02c7-4144-893a-c97c71606e52,2026-09-30 03:21:55.204748+00,9c560e52-16d5-4d66-aa9c-3547721123dc,부산 AX1,최영화,1
f753688d-027e-450b-a1cf-6e12c88925bd,2027-01-25,마케팅 트랙 통합멘토링,LAB4DX,,,5d08e905-02c7-4144-893a-c97c71606e52,2026-09-30 03:27:01.59001+00,98897e91-13e0-411c-8845-ad0e7a6ff7de,부산 DM,,2
f776d928-f5e9-41dd-a757-73fbcca05990,2026-10-21,마케팅 캡스톤 Phase 1: 과제 확정·킥오프,LAB4DX,,,5d08e905-02c7-4144-893a-c97c71606e52,2026-09-30 03:21:55.204748+00,cbdb02af-8b53-4483-8487-1f8e27199150,대구 DM,,1
f78be64f-ec80-4b56-91a9-d739e8535a62,2027-01-14,제조 캡스톤 Phase 2: 프로토타입·KPI,LAB4DX,,,5d08e905-02c7-4144-893a-c97c71606e52,2026-09-30 03:27:01.59001+00,51578d60-88f8-44a3-916a-940934f35a81,부산 SF,,2
f7932608-5d96-4f7b-aabc-0d5df5a93627,2026-11-24,워크 스마트 스킬,CLIPS,,,5d08e905-02c7-4144-893a-c97c71606e52,2026-09-30 03:27:01.59001+00,b2566702-6b24-42b0-b76b-3fcba9a7954b,부산 AX,안아름,2
f81f950f-b5f3-453a-8fab-8bef47604115,2026-09-16,LG전자 Value Chain 워크숍,LGE,,,5d08e905-02c7-4144-893a-c97c71606e52,2026-09-30 03:21:55.204748+00,036b2b7b-4f9d-440a-b9c6-827ec2fa66a5,부산 AX2,임상현,1
f853505a-8530-4cfe-aaba-390b2c187928,2026-09-30,데이터 분석 및 머신러닝 기초,LAB4DX,,,5d08e905-02c7-4144-893a-c97c71606e52,2026-09-30 03:21:55.204748+00,68ab8f99-2a95-4f4d-9f1b-2ec08c5d80bf,대전 AX,강현정,1
f85456ac-0648-4ce4-bb90-aad24736fdcc,2026-10-01,사무 업무 프로세스 이해 및 AX 전환,LAB4DX,,,5d08e905-02c7-4144-893a-c97c71606e52,2026-09-30 03:21:55.204748+00,036b2b7b-4f9d-440a-b9c6-827ec2fa66a5,부산 AX2,김동욱,1
f93f6803-2047-475f-b08c-1dc362ef4767,2026-09-16,혁신적 사고와 비즈니스 의사결정,CLIPS,,,5d08e905-02c7-4144-893a-c97c71606e52,2026-09-30 03:21:55.204748+00,1c540de2-1320-43dc-b795-468f78eb4f1a,대구 AX,오성욱,1
f9be2935-8209-481e-b036-86e3838615d8,2026-10-20,지능화·설비/공정 모니터링,aSSIST,,,5d08e905-02c7-4144-893a-c97c71606e52,2026-09-30 03:21:55.204748+00,edd7fa6f-92dc-41a6-b9fd-e96ee63b894e,부산 SF,정준수,1
fa376c3b-0f56-47a4-b8a5-110da6672224,2026-09-21,혁신적 사고 워크숍,CLIPS,,,5d08e905-02c7-4144-893a-c97c71606e52,2026-09-30 03:21:55.204748+00,9c560e52-16d5-4d66-aa9c-3547721123dc,부산 AX1,박유진,1
fa7ee400-349e-458e-b8ad-9abd11530acb,2026-12-14,제조 성과지표(KPI)·대시보드,aSSIST,,,5d08e905-02c7-4144-893a-c97c71606e52,2026-09-30 03:27:01.59001+00,f78b54cb-e709-47e0-bee7-50bc3bddce98,대구 SF,최정욱,2
faacc897-1cdc-4364-bb24-d4aef123f823,2027-01-19,마케팅 캡스톤 Phase 2: 프로토타입·KPI,LAB4DX,,,5d08e905-02c7-4144-893a-c97c71606e52,2026-09-30 03:27:01.59001+00,98897e91-13e0-411c-8845-ad0e7a6ff7de,부산 DM,,2
fae9a0ba-3df5-4810-aeab-cc2ad7f19921,2026-12-18,업무 데이터 파악 및 문제 정의,LAB4DX,,,5d08e905-02c7-4144-893a-c97c71606e52,2026-09-30 03:27:01.59001+00,b2566702-6b24-42b0-b76b-3fcba9a7954b,부산 AX,오성호,2
fbb0662e-d03a-4b73-abdd-b3ded72533f3,2026-10-30,AX 캡스톤 Phase 2: 프로토타입·KPI,LAB4DX,,,5d08e905-02c7-4144-893a-c97c71606e52,2026-09-30 03:21:55.204748+00,9c560e52-16d5-4d66-aa9c-3547721123dc,부산 AX1,김기범,1
fc06e256-3893-47de-812b-0dcba5221d59,2026-12-04,직무·산업 이해,aSSIST,,,5d08e905-02c7-4144-893a-c97c71606e52,2026-09-30 03:27:01.59001+00,51578d60-88f8-44a3-916a-940934f35a81,부산 SF,김재은,2
fc66ff3c-5c3e-4dcb-8018-6935b46f52b7,2026-12-30,업무 AX 혁신 기회 탐색·과제 정의,LAB4DX,,,5d08e905-02c7-4144-893a-c97c71606e52,2026-09-30 03:27:01.59001+00,b2566702-6b24-42b0-b76b-3fcba9a7954b,부산 AX,오성호,2
fc7d1d07-48a5-4cdc-abcd-24711b0ef2e2,2026-11-03,자기이해 진단 워크숍(버크만),LGE,,,cb543b2e-ec13-4c0c-9322-1c01f363a7dd,2026-09-30 04:52:15.605155+00,57cffe17-5311-4d1e-b1e7-fc4098f9bd3b,대전 DM,구은하,2
fc81fb27-a23b-4623-8fd6-954a03737c14,2026-10-26,마케팅 캡스톤 Phase 2: 프로토타입·KPI,LAB4DX,,,5d08e905-02c7-4144-893a-c97c71606e52,2026-09-30 03:21:55.204748+00,cbdb02af-8b53-4483-8487-1f8e27199150,대구 DM,,1
fce659ce-303c-46ec-a54d-dcabd95475eb,2026-12-10,사무 업무 프로세스 이해 및 AX 전환,LAB4DX,,,5d08e905-02c7-4144-893a-c97c71606e52,2026-09-30 03:27:01.59001+00,73e4600c-7386-4f2d-9d16-99a17fc4908d,대전 AX,서예람,2
fd69125b-5442-4a4b-aea4-f6588dba57d6,2026-11-26,AI Working Skill 응용,LAB4DX,,,5d08e905-02c7-4144-893a-c97c71606e52,2026-09-30 03:27:01.59001+00,51578d60-88f8-44a3-916a-940934f35a81,부산 SF,,2
fdd31a9b-a93e-4317-89c6-0255a20cdb70,2026-10-28,마케팅 캡스톤 Phase 2: 과제 확정·킥오프,LAB4DX,,,5d08e905-02c7-4144-893a-c97c71606e52,2026-09-30 03:21:55.204748+00,edf8f06d-393d-4a19-947a-f867a6e88f56,부산 DM,박윤하,1
fde6eeda-df43-45f6-9846-fceee50c5822,2026-10-12,광고 캠페인 구조 이해,aSSIST,,,5d08e905-02c7-4144-893a-c97c71606e52,2026-09-30 03:21:55.204748+00,cbdb02af-8b53-4483-8487-1f8e27199150,대구 DM,이승오,1
fe22d688-bb34-4f8d-aa8c-b19a1c55d948,2026-12-25,성탄절,,,,5d08e905-02c7-4144-893a-c97c71606e52,2026-09-30 03:27:01.59001+00,b2566702-6b24-42b0-b76b-3fcba9a7954b,부산 AX,,2
fe516ef7-39de-4418-b0a5-5e3a1d739082,2026-10-19,CRM과 고객 유지,aSSIST,,,5d08e905-02c7-4144-893a-c97c71606e52,2026-09-30 03:21:55.204748+00,edf8f06d-393d-4a19-947a-f867a6e88f56,부산 DM,김종혁,1
fe5dae90-60e7-48e2-982d-a5f3b00240cb,2026-12-28,CRM과 고객 유지,aSSIST,,,5d08e905-02c7-4144-893a-c97c71606e52,2026-09-30 03:27:01.59001+00,98897e91-13e0-411c-8845-ad0e7a6ff7de,부산 DM,김종혁,2
fecce281-401d-4333-b308-e1589d6443ad,2026-10-22,제조 캡스톤 Phase 1: 과제 확정·킥오프,LAB4DX,,,5d08e905-02c7-4144-893a-c97c71606e52,2026-09-30 03:21:55.204748+00,edd7fa6f-92dc-41a6-b9fd-e96ee63b894e,부산 SF,김화종,1
ff43ffda-3e45-41ee-be44-441093a8c17e,2026-11-09,캡스톤 Phase 3: 최종완성·발표,LAB4DX,,,5d08e905-02c7-4144-893a-c97c71606e52,2026-09-30 03:33:01.871798+00,9c560e52-16d5-4d66-aa9c-3547721123dc,부산 AX1,,1
ff514307-bd1d-43ec-8a06-0266d290f17b,2026-10-26,제조 캡스톤 Phase 1: 과제 확정·킥오프,LAB4DX,,,5d08e905-02c7-4144-893a-c97c71606e52,2026-09-30 03:21:55.204748+00,edd7fa6f-92dc-41a6-b9fd-e96ee63b894e,부산 SF,김화종,1